model,n_qubits,reps,shots,encoder,seed,acc,auc,f1,mcc,cv_mean
VQC,2,1,64,zz,0,0.7166666666666667,0.7997432605905006,0.6530612244897959,0.46577333653495645,0.625
QCNN,2,1,64,zz,0,0.7833333333333333,0.7702182284980743,0.6285714285714286,0.480723042387462,
QAOA_VQC,2,1,64,zz,0,0.7666666666666667,0.8100128369704749,0.6956521739130435,0.5365373282077371,0.7526041666666666
VQC,2,1,64,zz,1,0.7333333333333333,0.7779204107830552,0.38461538461538464,0.3106424390729094,0.640625
QCNN,2,1,64,zz,1,0.43333333333333335,0.5237483953786906,0.46875,0.062057160283800525,
QAOA_VQC,2,1,64,zz,1,0.6833333333333333,0.7278562259306803,0.5957446808510638,0.3686616672556155,0.7057291666666666
VQC,2,1,64,zz,2,0.43333333333333335,0.8395378690629011,0.5142857142857142,0.18562988994140256,0.6692708333333334
QCNN,2,1,64,zz,2,0.7666666666666667,0.8382541720154043,0.6666666666666666,0.49496163460013154,
QAOA_VQC,2,1,64,zz,2,0.8,0.8549422336328626,0.7142857142857143,0.5686531931013918,0.7786458333333334
VQC,2,1,64,pauli,0,0.7666666666666667,0.8472400513478818,0.6956521739130435,0.5365373282077371,0.7552083333333334
QCNN,2,1,64,pauli,0,0.7833333333333333,0.7702182284980743,0.6285714285714286,0.480723042387462,
QAOA_VQC,2,1,64,pauli,0,0.75,0.7715019255455713,0.6511627906976745,0.4680644144838032,0.7369791666666666
VQC,2,1,64,pauli,1,0.6833333333333333,0.7458279845956354,0.5777777777777777,0.3446443568215489,0.7005208333333334
QCNN,2,1,64,pauli,1,0.43333333333333335,0.5237483953786906,0.46875,0.062057160283800525,
QAOA_VQC,2,1,64,pauli,1,0.6666666666666666,0.7535301668806161,0.5652173913043478,0.3204820282583128,0.703125
VQC,2,1,64,pauli,2,0.8333333333333334,0.8703465982028241,0.75,0.6272303234500578,0.7942708333333334
QCNN,2,1,64,pauli,2,0.7666666666666667,0.8382541720154043,0.6666666666666666,0.49496163460013154,
QAOA_VQC,2,1,64,pauli,2,0.7666666666666667,0.8215661103979461,0.631578947368421,0.4608472400512887,0.7864583333333334
VQC,2,1,256,zz,0,0.7166666666666667,0.7984595635430037,0.6530612244897959,0.46577333653495645,0.625
QCNN,2,1,256,zz,0,0.7833333333333333,0.7702182284980743,0.6285714285714286,0.480723042387462,
QAOA_VQC,2,1,256,zz,0,0.7666666666666667,0.8048780487804877,0.6956521739130435,0.5365373282077371,0.7473958333333334
VQC,2,1,256,zz,1,0.7333333333333333,0.7830551989730423,0.38461538461538464,0.3106424390729094,0.6510416666666666
QCNN,2,1,256,zz,1,0.43333333333333335,0.5237483953786906,0.46875,0.062057160283800525,
QAOA_VQC,2,1,256,zz,1,0.65,0.717586649550706,0.5714285714285714,0.32245846375496984,0.7057291666666666
VQC,2,1,256,zz,2,0.43333333333333335,0.8395378690629011,0.5142857142857142,0.18562988994140256,0.7083333333333334
QCNN,2,1,256,zz,2,0.7666666666666667,0.8382541720154043,0.6666666666666666,0.49496163460013154,
QAOA_VQC,2,1,256,zz,2,0.8,0.8549422336328626,0.7142857142857143,0.5686531931013918,0.7682291666666666
VQC,2,1,256,pauli,0,0.7666666666666667,0.8523748395378691,0.6956521739130435,0.5365373282077371,0.7526041666666666
QCNN,2,1,256,pauli,0,0.7833333333333333,0.7702182284980743,0.6285714285714286,0.480723042387462,
QAOA_VQC,2,1,256,pauli,0,0.7166666666666667,0.7381258023106546,0.6222222222222222,0.4169473687421536,0.7109375
VQC,2,1,256,pauli,1,0.7,0.7394094993581514,0.5909090909090909,0.3694256822124387,0.7005208333333334
QCNN,2,1,256,pauli,1,0.43333333333333335,0.5237483953786906,0.46875,0.062057160283800525,
QAOA_VQC,2,1,256,pauli,1,0.6666666666666666,0.7394094993581515,0.5833333333333334,0.34534189521004816,0.7057291666666666
VQC,2,1,256,pauli,2,0.8166666666666667,0.870346598202824,0.717948717948718,0.5826987807287871,0.7994791666666666
QCNN,2,1,256,pauli,2,0.7666666666666667,0.8382541720154043,0.6666666666666666,0.49496163460013154,
QAOA_VQC,2,1,256,pauli,2,0.7833333333333333,0.8189987163029525,0.6666666666666666,0.5066945919380758,0.7708333333333334
VQC,2,1,512,zz,0,0.7166666666666667,0.8048780487804877,0.6530612244897959,0.46577333653495645,0.6223958333333334
QCNN,2,1,512,zz,0,0.7833333333333333,0.7702182284980743,0.6285714285714286,0.480723042387462,
QAOA_VQC,2,1,512,zz,0,0.7333333333333333,0.8023106546854942,0.6666666666666666,0.48873645377477404,0.7473958333333334
VQC,2,1,512,zz,1,0.75,0.7830551989730423,0.4444444444444444,0.365382666446589,0.6510416666666666
QCNN,2,1,512,zz,1,0.43333333333333335,0.5237483953786906,0.46875,0.062057160283800525,
QAOA_VQC,2,1,512,zz,1,0.65,0.7073170731707317,0.5714285714285714,0.32245846375496984,0.7005208333333334
VQC,2,1,512,zz,2,0.45,0.8395378690629011,0.5217391304347826,0.2083001685198013,0.6848958333333334
QCNN,2,1,512,zz,2,0.7666666666666667,0.8382541720154043,0.6666666666666666,0.49496163460013154,
QAOA_VQC,2,1,512,zz,2,0.8,0.8549422336328626,0.7142857142857143,0.5686531931013918,0.765625
VQC,2,1,512,pauli,0,0.7666666666666667,0.8510911424903723,0.6956521739130435,0.5365373282077371,0.7552083333333334
QCNN,2,1,512,pauli,0,0.7833333333333333,0.7702182284980743,0.6285714285714286,0.480723042387462,
QAOA_VQC,2,1,512,pauli,0,0.7,0.7368421052631579,0.6086956521739131,0.3925004615747876,0.6953125
VQC,2,1,512,pauli,1,0.7166666666666667,0.7458279845956354,0.6046511627906976,0.3949293497207089,0.7005208333333334
QCNN,2,1,512,pauli,1,0.43333333333333335,0.5237483953786906,0.46875,0.062057160283800525,
QAOA_VQC,2,1,512,pauli,1,0.6333333333333333,0.7329910141206676,0.56,0.2999336183312183,0.703125
VQC,2,1,512,pauli,2,0.8166666666666667,0.8677792041078305,0.717948717948718,0.5826987807287871,0.8072916666666666
QCNN,2,1,512,pauli,2,0.7666666666666667,0.8382541720154043,0.6666666666666666,0.49496163460013154,
QAOA_VQC,2,1,512,pauli,2,0.75,0.8151476251604621,0.6341463414634146,0.44857669101041814,0.7630208333333334
VQC,2,1,1024,zz,0,0.7,0.8048780487804879,0.64,0.44332817689594417,0.6432291666666666
QCNN,2,1,1024,zz,0,0.7833333333333333,0.7702182284980743,0.6285714285714286,0.480723042387462,
QAOA_VQC,2,1,1024,zz,0,0.7333333333333333,0.8048780487804879,0.6666666666666666,0.48873645377477404,0.7395833333333334
VQC,2,1,1024,zz,1,0.7666666666666667,0.7817715019255456,0.5,0.41641299635503815,0.6458333333333334
QCNN,2,1,1024,zz,1,0.43333333333333335,0.5237483953786906,0.46875,0.062057160283800525,
QAOA_VQC,2,1,1024,zz,1,0.65,0.7098844672657252,0.5714285714285714,0.32245846375496984,0.703125
VQC,2,1,1024,zz,2,0.45,0.8395378690629011,0.5217391304347826,0.2083001685198013,0.6588541666666666
QCNN,2,1,1024,zz,2,0.7666666666666667,0.8382541720154043,0.6666666666666666,0.49496163460013154,
QAOA_VQC,2,1,1024,zz,2,0.7833333333333333,0.8549422336328627,0.6976744186046512,0.5411994792468975,0.7682291666666666
VQC,2,1,1024,pauli,0,0.7666666666666667,0.8485237483953787,0.6956521739130435,0.5365373282077371,0.7578125
QCNN,2,1,1024,pauli,0,0.7833333333333333,0.7702182284980743,0.6285714285714286,0.480723042387462,
QAOA_VQC,2,1,1024,pauli,0,0.5833333333333334,0.7406931964056482,0.5454545454545454,0.2632862331471393,0.6979166666666666
VQC,2,1,1024,pauli,1,0.7333333333333333,0.7496790757381258,0.6190476190476191,0.42127007609887124,0.6979166666666666
QCNN,2,1,1024,pauli,1,0.43333333333333335,0.5237483953786906,0.46875,0.062057160283800525,
QAOA_VQC,2,1,1024,pauli,1,0.6333333333333333,0.7252888318356867,0.56,0.2999336183312183,0.6979166666666666
VQC,2,1,1024,pauli,2,0.8,0.8690629011553274,0.7,0.5521129194440628,0.8072916666666666
QCNN,2,1,1024,pauli,2,0.7666666666666667,0.8382541720154043,0.6666666666666666,0.49496163460013154,
QAOA_VQC,2,1,1024,pauli,2,0.75,0.8125802310654686,0.6341463414634146,0.44857669101041814,0.7578125
VQC,2,2,64,zz,0,0.7166666666666667,0.7997432605905006,0.6530612244897959,0.46577333653495645,0.625
QCNN,2,2,64,zz,0,0.7833333333333333,0.7702182284980743,0.6285714285714286,0.480723042387462,
QAOA_VQC,2,2,64,zz,0,0.7666666666666667,0.8100128369704749,0.6956521739130435,0.5365373282077371,0.7526041666666666
VQC,2,2,64,zz,1,0.7333333333333333,0.7779204107830552,0.38461538461538464,0.3106424390729094,0.640625
QCNN,2,2,64,zz,1,0.43333333333333335,0.5237483953786906,0.46875,0.062057160283800525,
QAOA_VQC,2,2,64,zz,1,0.6833333333333333,0.7278562259306803,0.5957446808510638,0.3686616672556155,0.7057291666666666
VQC,2,2,64,zz,2,0.43333333333333335,0.8395378690629011,0.5142857142857142,0.18562988994140256,0.6692708333333334
QCNN,2,2,64,zz,2,0.7666666666666667,0.8382541720154043,0.6666666666666666,0.49496163460013154,
QAOA_VQC,2,2,64,zz,2,0.8,0.8549422336328626,0.7142857142857143,0.5686531931013918,0.7786458333333334
VQC,2,2,64,pauli,0,0.7666666666666667,0.8472400513478818,0.6956521739130435,0.5365373282077371,0.7552083333333334
QCNN,2,2,64,pauli,0,0.7833333333333333,0.7702182284980743,0.6285714285714286,0.480723042387462,
QAOA_VQC,2,2,64,pauli,0,0.75,0.7715019255455713,0.6511627906976745,0.4680644144838032,0.7369791666666666
VQC,2,2,64,pauli,1,0.6833333333333333,0.7458279845956354,0.5777777777777777,0.3446443568215489,0.7005208333333334
QCNN,2,2,64,pauli,1,0.43333333333333335,0.5237483953786906,0.46875,0.062057160283800525,
QAOA_VQC,2,2,64,pauli,1,0.6666666666666666,0.7535301668806161,0.5652173913043478,0.3204820282583128,0.703125
VQC,2,2,64,pauli,2,0.8333333333333334,0.8703465982028241,0.75,0.6272303234500578,0.7942708333333334
QCNN,2,2,64,pauli,2,0.7666666666666667,0.8382541720154043,0.6666666666666666,0.49496163460013154,
QAOA_VQC,2,2,64,pauli,2,0.7666666666666667,0.8215661103979461,0.631578947368421,0.4608472400512887,0.7864583333333334
VQC,2,2,256,zz,0,0.7166666666666667,0.7984595635430037,0.6530612244897959,0.46577333653495645,0.625
QCNN,2,2,256,zz,0,0.7833333333333333,0.7702182284980743,0.6285714285714286,0.480723042387462,
QAOA_VQC,2,2,256,zz,0,0.7666666666666667,0.8048780487804877,0.6956521739130435,0.5365373282077371,0.7473958333333334
VQC,2,2,256,zz,1,0.7333333333333333,0.7830551989730423,0.38461538461538464,0.3106424390729094,0.6510416666666666
QCNN,2,2,256,zz,1,0.43333333333333335,0.5237483953786906,0.46875,0.062057160283800525,
QAOA_VQC,2,2,256,zz,1,0.65,0.717586649550706,0.5714285714285714,0.32245846375496984,0.7057291666666666
VQC,2,2,256,zz,2,0.43333333333333335,0.8395378690629011,0.5142857142857142,0.18562988994140256,0.7083333333333334
QCNN,2,2,256,zz,2,0.7666666666666667,0.8382541720154043,0.6666666666666666,0.49496163460013154,
QAOA_VQC,2,2,256,zz,2,0.8,0.8549422336328626,0.7142857142857143,0.5686531931013918,0.7682291666666666
VQC,2,2,256,pauli,0,0.7666666666666667,0.8523748395378691,0.6956521739130435,0.5365373282077371,0.7526041666666666
QCNN,2,2,256,pauli,0,0.7833333333333333,0.7702182284980743,0.6285714285714286,0.480723042387462,
QAOA_VQC,2,2,256,pauli,0,0.7166666666666667,0.7381258023106546,0.6222222222222222,0.4169473687421536,0.7109375
VQC,2,2,256,pauli,1,0.7,0.7394094993581514,0.5909090909090909,0.3694256822124387,0.7005208333333334
QCNN,2,2,256,pauli,1,0.43333333333333335,0.5237483953786906,0.46875,0.062057160283800525,
QAOA_VQC,2,2,256,pauli,1,0.6666666666666666,0.7394094993581515,0.5833333333333334,0.34534189521004816,0.7057291666666666
VQC,2,2,256,pauli,2,0.8166666666666667,0.870346598202824,0.717948717948718,0.5826987807287871,0.7994791666666666
QCNN,2,2,256,pauli,2,0.7666666666666667,0.8382541720154043,0.6666666666666666,0.49496163460013154,
QAOA_VQC,2,2,256,pauli,2,0.7833333333333333,0.8189987163029525,0.6666666666666666,0.5066945919380758,0.7708333333333334
VQC,2,2,512,zz,0,0.7166666666666667,0.8048780487804877,0.6530612244897959,0.46577333653495645,0.6223958333333334
QCNN,2,2,512,zz,0,0.7833333333333333,0.7702182284980743,0.6285714285714286,0.480723042387462,
QAOA_VQC,2,2,512,zz,0,0.7333333333333333,0.8023106546854942,0.6666666666666666,0.48873645377477404,0.7473958333333334
VQC,2,2,512,zz,1,0.75,0.7830551989730423,0.4444444444444444,0.365382666446589,0.6510416666666666
QCNN,2,2,512,zz,1,0.43333333333333335,0.5237483953786906,0.46875,0.062057160283800525,
QAOA_VQC,2,2,512,zz,1,0.65,0.7073170731707317,0.5714285714285714,0.32245846375496984,0.7005208333333334
VQC,2,2,512,zz,2,0.45,0.8395378690629011,0.5217391304347826,0.2083001685198013,0.6848958333333334
QCNN,2,2,512,zz,2,0.7666666666666667,0.8382541720154043,0.6666666666666666,0.49496163460013154,
QAOA_VQC,2,2,512,zz,2,0.8,0.8549422336328626,0.7142857142857143,0.5686531931013918,0.765625
VQC,2,2,512,pauli,0,0.7666666666666667,0.8510911424903723,0.6956521739130435,0.5365373282077371,0.7552083333333334
QCNN,2,2,512,pauli,0,0.7833333333333333,0.7702182284980743,0.6285714285714286,0.480723042387462,
QAOA_VQC,2,2,512,pauli,0,0.7,0.7368421052631579,0.6086956521739131,0.3925004615747876,0.6953125
VQC,2,2,512,pauli,1,0.7166666666666667,0.7458279845956354,0.6046511627906976,0.3949293497207089,0.7005208333333334
QCNN,2,2,512,pauli,1,0.43333333333333335,0.5237483953786906,0.46875,0.062057160283800525,
QAOA_VQC,2,2,512,pauli,1,0.6333333333333333,0.7329910141206676,0.56,0.2999336183312183,0.703125
VQC,2,2,512,pauli,2,0.8166666666666667,0.8677792041078305,0.717948717948718,0.5826987807287871,0.8072916666666666
QCNN,2,2,512,pauli,2,0.7666666666666667,0.8382541720154043,0.6666666666666666,0.49496163460013154,
QAOA_VQC,2,2,512,pauli,2,0.75,0.8151476251604621,0.6341463414634146,0.44857669101041814,0.7630208333333334
VQC,2,2,1024,zz,0,0.7,0.8048780487804879,0.64,0.44332817689594417,0.6432291666666666
QCNN,2,2,1024,zz,0,0.7833333333333333,0.7702182284980743,0.6285714285714286,0.480723042387462,
QAOA_VQC,2,2,1024,zz,0,0.7333333333333333,0.8048780487804879,0.6666666666666666,0.48873645377477404,0.7395833333333334
VQC,2,2,1024,zz,1,0.7666666666666667,0.7817715019255456,0.5,0.41641299635503815,0.6458333333333334
QCNN,2,2,1024,zz,1,0.43333333333333335,0.5237483953786906,0.46875,0.062057160283800525,
QAOA_VQC,2,2,1024,zz,1,0.65,0.7098844672657252,0.5714285714285714,0.32245846375496984,0.703125
VQC,2,2,1024,zz,2,0.45,0.8395378690629011,0.5217391304347826,0.2083001685198013,0.6588541666666666
QCNN,2,2,1024,zz,2,0.7666666666666667,0.8382541720154043,0.6666666666666666,0.49496163460013154,
QAOA_VQC,2,2,1024,zz,2,0.7833333333333333,0.8549422336328627,0.6976744186046512,0.5411994792468975,0.7682291666666666
VQC,2,2,1024,pauli,0,0.7666666666666667,0.8485237483953787,0.6956521739130435,0.5365373282077371,0.7578125
QCNN,2,2,1024,pauli,0,0.7833333333333333,0.7702182284980743,0.6285714285714286,0.480723042387462,
QAOA_VQC,2,2,1024,pauli,0,0.5833333333333334,0.7406931964056482,0.5454545454545454,0.2632862331471393,0.6979166666666666
VQC,2,2,1024,pauli,1,0.7333333333333333,0.7496790757381258,0.6190476190476191,0.42127007609887124,0.6979166666666666
QCNN,2,2,1024,pauli,1,0.43333333333333335,0.5237483953786906,0.46875,0.062057160283800525,
QAOA_VQC,2,2,1024,pauli,1,0.6333333333333333,0.7252888318356867,0.56,0.2999336183312183,0.6979166666666666
VQC,2,2,1024,pauli,2,0.8,0.8690629011553274,0.7,0.5521129194440628,0.8072916666666666
QCNN,2,2,1024,pauli,2,0.7666666666666667,0.8382541720154043,0.6666666666666666,0.49496163460013154,
QAOA_VQC,2,2,1024,pauli,2,0.75,0.8125802310654686,0.6341463414634146,0.44857669101041814,0.7578125
VQC,2,3,64,zz,0,0.7166666666666667,0.7997432605905006,0.6530612244897959,0.46577333653495645,0.625
QCNN,2,3,64,zz,0,0.7833333333333333,0.7702182284980743,0.6285714285714286,0.480723042387462,
QAOA_VQC,2,3,64,zz,0,0.7666666666666667,0.8100128369704749,0.6956521739130435,0.5365373282077371,0.7526041666666666
VQC,2,3,64,zz,1,0.7333333333333333,0.7779204107830552,0.38461538461538464,0.3106424390729094,0.640625
QCNN,2,3,64,zz,1,0.43333333333333335,0.5237483953786906,0.46875,0.062057160283800525,
QAOA_VQC,2,3,64,zz,1,0.6833333333333333,0.7278562259306803,0.5957446808510638,0.3686616672556155,0.7057291666666666
VQC,2,3,64,zz,2,0.43333333333333335,0.8395378690629011,0.5142857142857142,0.18562988994140256,0.6692708333333334
QCNN,2,3,64,zz,2,0.7666666666666667,0.8382541720154043,0.6666666666666666,0.49496163460013154,
QAOA_VQC,2,3,64,zz,2,0.8,0.8549422336328626,0.7142857142857143,0.5686531931013918,0.7786458333333334
VQC,2,3,64,pauli,0,0.7666666666666667,0.8472400513478818,0.6956521739130435,0.5365373282077371,0.7552083333333334
QCNN,2,3,64,pauli,0,0.7833333333333333,0.7702182284980743,0.6285714285714286,0.480723042387462,
QAOA_VQC,2,3,64,pauli,0,0.75,0.7715019255455713,0.6511627906976745,0.4680644144838032,0.7369791666666666
VQC,2,3,64,pauli,1,0.6833333333333333,0.7458279845956354,0.5777777777777777,0.3446443568215489,0.7005208333333334
QCNN,2,3,64,pauli,1,0.43333333333333335,0.5237483953786906,0.46875,0.062057160283800525,
QAOA_VQC,2,3,64,pauli,1,0.6666666666666666,0.7535301668806161,0.5652173913043478,0.3204820282583128,0.703125
VQC,2,3,64,pauli,2,0.8333333333333334,0.8703465982028241,0.75,0.6272303234500578,0.7942708333333334
QCNN,2,3,64,pauli,2,0.7666666666666667,0.8382541720154043,0.6666666666666666,0.49496163460013154,
QAOA_VQC,2,3,64,pauli,2,0.7666666666666667,0.8215661103979461,0.631578947368421,0.4608472400512887,0.7864583333333334
VQC,2,3,256,zz,0,0.7166666666666667,0.7984595635430037,0.6530612244897959,0.46577333653495645,0.625
QCNN,2,3,256,zz,0,0.7833333333333333,0.7702182284980743,0.6285714285714286,0.480723042387462,
QAOA_VQC,2,3,256,zz,0,0.7666666666666667,0.8048780487804877,0.6956521739130435,0.5365373282077371,0.7473958333333334
VQC,2,3,256,zz,1,0.7333333333333333,0.7830551989730423,0.38461538461538464,0.3106424390729094,0.6510416666666666
QCNN,2,3,256,zz,1,0.43333333333333335,0.5237483953786906,0.46875,0.062057160283800525,
QAOA_VQC,2,3,256,zz,1,0.65,0.717586649550706,0.5714285714285714,0.32245846375496984,0.7057291666666666
VQC,2,3,256,zz,2,0.43333333333333335,0.8395378690629011,0.5142857142857142,0.18562988994140256,0.7083333333333334
QCNN,2,3,256,zz,2,0.7666666666666667,0.8382541720154043,0.6666666666666666,0.49496163460013154,
QAOA_VQC,2,3,256,zz,2,0.8,0.8549422336328626,0.7142857142857143,0.5686531931013918,0.7682291666666666
VQC,2,3,256,pauli,0,0.7666666666666667,0.8523748395378691,0.6956521739130435,0.5365373282077371,0.7526041666666666
QCNN,2,3,256,pauli,0,0.7833333333333333,0.7702182284980743,0.6285714285714286,0.480723042387462,
QAOA_VQC,2,3,256,pauli,0,0.7166666666666667,0.7381258023106546,0.6222222222222222,0.4169473687421536,0.7109375
VQC,2,3,256,pauli,1,0.7,0.7394094993581514,0.5909090909090909,0.3694256822124387,0.7005208333333334
QCNN,2,3,256,pauli,1,0.43333333333333335,0.5237483953786906,0.46875,0.062057160283800525,
QAOA_VQC,2,3,256,pauli,1,0.6666666666666666,0.7394094993581515,0.5833333333333334,0.34534189521004816,0.7057291666666666
VQC,2,3,256,pauli,2,0.8166666666666667,0.870346598202824,0.717948717948718,0.5826987807287871,0.7994791666666666
QCNN,2,3,256,pauli,2,0.7666666666666667,0.8382541720154043,0.6666666666666666,0.49496163460013154,
QAOA_VQC,2,3,256,pauli,2,0.7833333333333333,0.8189987163029525,0.6666666666666666,0.5066945919380758,0.7708333333333334
VQC,2,3,512,zz,0,0.7166666666666667,0.8048780487804877,0.6530612244897959,0.46577333653495645,0.6223958333333334
QCNN,2,3,512,zz,0,0.7833333333333333,0.7702182284980743,0.6285714285714286,0.480723042387462,
QAOA_VQC,2,3,512,zz,0,0.7333333333333333,0.8023106546854942,0.6666666666666666,0.48873645377477404,0.7473958333333334
VQC,2,3,512,zz,1,0.75,0.7830551989730423,0.4444444444444444,0.365382666446589,0.6510416666666666
QCNN,2,3,512,zz,1,0.43333333333333335,0.5237483953786906,0.46875,0.062057160283800525,
QAOA_VQC,2,3,512,zz,1,0.65,0.7073170731707317,0.5714285714285714,0.32245846375496984,0.7005208333333334
VQC,2,3,512,zz,2,0.45,0.8395378690629011,0.5217391304347826,0.2083001685198013,0.6848958333333334
QCNN,2,3,512,zz,2,0.7666666666666667,0.8382541720154043,0.6666666666666666,0.49496163460013154,
QAOA_VQC,2,3,512,zz,2,0.8,0.8549422336328626,0.7142857142857143,0.5686531931013918,0.765625
VQC,2,3,512,pauli,0,0.7666666666666667,0.8510911424903723,0.6956521739130435,0.5365373282077371,0.7552083333333334
QCNN,2,3,512,pauli,0,0.7833333333333333,0.7702182284980743,0.6285714285714286,0.480723042387462,
QAOA_VQC,2,3,512,pauli,0,0.7,0.7368421052631579,0.6086956521739131,0.3925004615747876,0.6953125
VQC,2,3,512,pauli,1,0.7166666666666667,0.7458279845956354,0.6046511627906976,0.3949293497207089,0.7005208333333334
QCNN,2,3,512,pauli,1,0.43333333333333335,0.5237483953786906,0.46875,0.062057160283800525,
QAOA_VQC,2,3,512,pauli,1,0.6333333333333333,0.7329910141206676,0.56,0.2999336183312183,0.703125
VQC,2,3,512,pauli,2,0.8166666666666667,0.8677792041078305,0.717948717948718,0.5826987807287871,0.8072916666666666
QCNN,2,3,512,pauli,2,0.7666666666666667,0.8382541720154043,0.6666666666666666,0.49496163460013154,
QAOA_VQC,2,3,512,pauli,2,0.75,0.8151476251604621,0.6341463414634146,0.44857669101041814,0.7630208333333334
VQC,2,3,1024,zz,0,0.7,0.8048780487804879,0.64,0.44332817689594417,0.6432291666666666
QCNN,2,3,1024,zz,0,0.7833333333333333,0.7702182284980743,0.6285714285714286,0.480723042387462,
QAOA_VQC,2,3,1024,zz,0,0.7333333333333333,0.8048780487804879,0.6666666666666666,0.48873645377477404,0.7395833333333334
VQC,2,3,1024,zz,1,0.7666666666666667,0.7817715019255456,0.5,0.41641299635503815,0.6458333333333334
QCNN,2,3,1024,zz,1,0.43333333333333335,0.5237483953786906,0.46875,0.062057160283800525,
QAOA_VQC,2,3,1024,zz,1,0.65,0.7098844672657252,0.5714285714285714,0.32245846375496984,0.703125
VQC,2,3,1024,zz,2,0.45,0.8395378690629011,0.5217391304347826,0.2083001685198013,0.6588541666666666
QCNN,2,3,1024,zz,2,0.7666666666666667,0.8382541720154043,0.6666666666666666,0.49496163460013154,
QAOA_VQC,2,3,1024,zz,2,0.7833333333333333,0.8549422336328627,0.6976744186046512,0.5411994792468975,0.7682291666666666
VQC,2,3,1024,pauli,0,0.7666666666666667,0.8485237483953787,0.6956521739130435,0.5365373282077371,0.7578125
QCNN,2,3,1024,pauli,0,0.7833333333333333,0.7702182284980743,0.6285714285714286,0.480723042387462,
QAOA_VQC,2,3,1024,pauli,0,0.5833333333333334,0.7406931964056482,0.5454545454545454,0.2632862331471393,0.6979166666666666
VQC,2,3,1024,pauli,1,0.7333333333333333,0.7496790757381258,0.6190476190476191,0.42127007609887124,0.6979166666666666
QCNN,2,3,1024,pauli,1,0.43333333333333335,0.5237483953786906,0.46875,0.062057160283800525,
QAOA_VQC,2,3,1024,pauli,1,0.6333333333333333,0.7252888318356867,0.56,0.2999336183312183,0.6979166666666666
VQC,2,3,1024,pauli,2,0.8,0.8690629011553274,0.7,0.5521129194440628,0.8072916666666666
QCNN,2,3,1024,pauli,2,0.7666666666666667,0.8382541720154043,0.6666666666666666,0.49496163460013154,
QAOA_VQC,2,3,1024,pauli,2,0.75,0.8125802310654686,0.6341463414634146,0.44857669101041814,0.7578125
VQC,4,1,64,zz,0,0.7333333333333333,0.7560975609756098,0.6,0.40187811143207297,0.6328125
QCNN,4,1,64,zz,0,0.6833333333333333,0.7098844672657253,0.0,0.0,0.4635416666666667
QAOA_VQC,4,1,64,zz,0,0.8,0.8331193838254172,0.7,0.5521129194440628,0.7994791666666666
VQC,4,1,64,zz,1,0.65,0.693196405648267,0.4878048780487805,0.2255275076350721,0.7135416666666666
QCNN,4,1,64,zz,1,0.6666666666666666,0.7008985879332477,0.0,-0.08862553426923267,0.4661458333333333
QAOA_VQC,4,1,64,zz,1,0.8333333333333334,0.870346598202824,0.7619047619047619,0.642344751602652,0.7734375
VQC,4,1,64,zz,2,0.75,0.7702182284980745,0.6341463414634146,0.44857669101041814,0.7708333333333334
QCNN,4,1,64,zz,2,0.6833333333333333,0.46983311938382544,0.0,0.0,0.5364583333333334
QAOA_VQC,4,1,64,zz,2,0.8166666666666667,0.8074454428754814,0.717948717948718,0.5826987807287871,0.8177083333333334
VQC,4,1,64,pauli,0,0.8,0.8408215661103979,0.6842105263157895,0.5378690629010863,0.8072916666666666
QCNN,4,1,64,pauli,0,0.6833333333333333,0.7098844672657253,0.0,0.0,0.4635416666666667
QAOA_VQC,4,1,64,pauli,0,0.7333333333333333,0.8318356867779204,0.6,0.40187811143207297,0.7838541666666666
VQC,4,1,64,pauli,1,0.75,0.8818998716302953,0.6808510638297872,0.5122960830694917,0.7708333333333334
QCNN,4,1,64,pauli,1,0.6666666666666666,0.7008985879332477,0.0,-0.08862553426923267,0.4661458333333333
QAOA_VQC,4,1,64,pauli,1,0.7833333333333333,0.8498074454428755,0.7111111111111111,0.5615533925833629,0.765625
VQC,4,1,64,pauli,2,0.8,0.8241335044929397,0.6842105263157895,0.5378690629010863,0.8203125
QCNN,4,1,64,pauli,2,0.6833333333333333,0.46983311938382544,0.0,0.0,0.5364583333333334
QAOA_VQC,4,1,64,pauli,2,0.7666666666666667,0.7753530166880617,0.631578947368421,0.4608472400512887,0.8072916666666666
VQC,4,1,256,zz,0,0.7333333333333333,0.7573812580231065,0.6,0.40187811143207297,0.6328125
QCNN,4,1,256,zz,0,0.6833333333333333,0.7098844672657253,0.0,0.0,0.4635416666666667
QAOA_VQC,4,1,256,zz,0,0.7666666666666667,0.8472400513478819,0.6666666666666666,0.49496163460013154,0.7916666666666666
VQC,4,1,256,zz,1,0.6666666666666666,0.6893453145057766,0.5,0.25164330342008306,0.7083333333333334
QCNN,4,1,256,zz,1,0.6666666666666666,0.7008985879332477,0.0,-0.08862553426923267,0.4661458333333333
QAOA_VQC,4,1,256,zz,1,0.8333333333333334,0.8716302952503209,0.7619047619047619,0.642344751602652,0.7838541666666666
VQC,4,1,256,zz,2,0.75,0.7740693196405648,0.6341463414634146,0.44857669101041814,0.7708333333333334
QCNN,4,1,256,zz,2,0.6833333333333333,0.46983311938382544,0.0,0.0,0.5364583333333334
QAOA_VQC,4,1,256,zz,2,0.7833333333333333,0.803594351732991,0.6829268292682927,0.5229264188022001,0.8098958333333334
VQC,4,1,256,pauli,0,0.8166666666666667,0.8369704749679076,0.7027027027027027,0.5707481124891558,0.8098958333333334
QCNN,4,1,256,pauli,0,0.6833333333333333,0.7098844672657253,0.0,0.0,0.4635416666666667
QAOA_VQC,4,1,256,pauli,0,0.75,0.8100128369704749,0.6341463414634146,0.44857669101041814,0.7760416666666666
VQC,4,1,256,pauli,1,0.7833333333333333,0.889602053915276,0.7111111111111111,0.5615533925833629,0.7604166666666666
QCNN,4,1,256,pauli,1,0.6666666666666666,0.7008985879332477,0.0,-0.08862553426923267,0.4661458333333333
QAOA_VQC,4,1,256,pauli,1,0.7833333333333333,0.852374839537869,0.7111111111111111,0.5615533925833629,0.7604166666666666
VQC,4,1,256,pauli,2,0.7666666666666667,0.8164313222079589,0.6111111111111112,0.4465833051169724,0.8151041666666666
QCNN,4,1,256,pauli,2,0.6833333333333333,0.46983311938382544,0.0,0.0,0.5364583333333334
QAOA_VQC,4,1,256,pauli,2,0.8,0.7792041078305519,0.7,0.5521129194440628,0.8072916666666666
VQC,4,1,512,zz,0,0.7333333333333333,0.7560975609756098,0.6,0.40187811143207297,0.6302083333333334
QCNN,4,1,512,zz,0,0.6833333333333333,0.7098844672657253,0.0,0.0,0.4635416666666667
QAOA_VQC,4,1,512,zz,0,0.7833333333333333,0.8485237483953787,0.6829268292682927,0.5229264188022001,0.7916666666666666
VQC,4,1,512,zz,1,0.6666666666666666,0.6842105263157895,0.5,0.25164330342008306,0.7005208333333334
QCNN,4,1,512,zz,1,0.6666666666666666,0.7008985879332477,0.0,-0.08862553426923267,0.4661458333333333
QAOA_VQC,4,1,512,zz,1,0.8,0.8664955070603337,0.7142857142857143,0.5686531931013918,0.7786458333333334
VQC,4,1,512,zz,2,0.75,0.7766367137355584,0.6341463414634146,0.44857669101041814,0.7682291666666666
QCNN,4,1,512,zz,2,0.6833333333333333,0.46983311938382544,0.0,0.0,0.5364583333333334
QAOA_VQC,4,1,512,zz,2,0.7833333333333333,0.8010269576379974,0.6829268292682927,0.5229264188022001,0.8072916666666666
VQC,4,1,512,pauli,0,0.8333333333333334,0.8356867779204108,0.7222222222222222,0.6056040665829566,0.8072916666666666
QCNN,4,1,512,pauli,0,0.6833333333333333,0.7098844672657253,0.0,0.0,0.4635416666666667
QAOA_VQC,4,1,512,pauli,0,0.75,0.7997432605905006,0.6341463414634146,0.44857669101041814,0.7734375
VQC,4,1,512,pauli,1,0.7833333333333333,0.889602053915276,0.7111111111111111,0.5615533925833629,0.765625
QCNN,4,1,512,pauli,1,0.6666666666666666,0.7008985879332477,0.0,-0.08862553426923267,0.4661458333333333
QAOA_VQC,4,1,512,pauli,1,0.7666666666666667,0.8510911424903722,0.6956521739130435,0.5365373282077371,0.75
VQC,4,1,512,pauli,2,0.7666666666666667,0.810012836970475,0.6111111111111112,0.4465833051169724,0.8151041666666666
QCNN,4,1,512,pauli,2,0.6833333333333333,0.46983311938382544,0.0,0.0,0.5364583333333334
QAOA_VQC,4,1,512,pauli,2,0.7833333333333333,0.7753530166880616,0.6829268292682927,0.5229264188022001,0.8098958333333334
VQC,4,1,1024,zz,0,0.7333333333333333,0.754813863928113,0.6,0.40187811143207297,0.625
QCNN,4,1,1024,zz,0,0.6833333333333333,0.7098844672657253,0.0,0.0,0.4635416666666667
QAOA_VQC,4,1,1024,zz,0,0.8,0.8485237483953787,0.7,0.5521129194440628,0.7864583333333334
VQC,4,1,1024,zz,1,0.6666666666666666,0.680359435173299,0.5,0.25164330342008306,0.7005208333333334
QCNN,4,1,1024,zz,1,0.6666666666666666,0.7008985879332477,0.0,-0.08862553426923267,0.4661458333333333
QAOA_VQC,4,1,1024,zz,1,0.7833333333333333,0.8626444159178434,0.6976744186046512,0.5411994792468975,0.7760416666666666
VQC,4,1,1024,zz,2,0.75,0.7804878048780488,0.6341463414634146,0.44857669101041814,0.765625
QCNN,4,1,1024,zz,2,0.6833333333333333,0.46983311938382544,0.0,0.0,0.5364583333333334
QAOA_VQC,4,1,1024,zz,2,0.7833333333333333,0.7907573812580232,0.6829268292682927,0.5229264188022001,0.8098958333333334
VQC,4,1,1024,pauli,0,0.8333333333333334,0.8356867779204108,0.7222222222222222,0.6056040665829566,0.8072916666666666
QCNN,4,1,1024,pauli,0,0.6833333333333333,0.7098844672657253,0.0,0.0,0.4635416666666667
QAOA_VQC,4,1,1024,pauli,0,0.75,0.7984595635430038,0.6341463414634146,0.44857669101041814,0.7786458333333334
VQC,4,1,1024,pauli,1,0.7833333333333333,0.8921694480102695,0.7111111111111111,0.5615533925833629,0.7682291666666666
QCNN,4,1,1024,pauli,1,0.6666666666666666,0.7008985879332477,0.0,-0.08862553426923267,0.4661458333333333
QAOA_VQC,4,1,1024,pauli,1,0.75,0.8498074454428755,0.6666666666666666,0.4892503806627583,0.7447916666666666
VQC,4,1,1024,pauli,2,0.7666666666666667,0.8100128369704749,0.6111111111111112,0.4465833051169724,0.8125
QCNN,4,1,1024,pauli,2,0.6833333333333333,0.46983311938382544,0.0,0.0,0.5364583333333334
QAOA_VQC,4,1,1024,pauli,2,0.7833333333333333,0.772785622593068,0.6829268292682927,0.5229264188022001,0.8203125
VQC,4,2,64,zz,0,0.7333333333333333,0.7560975609756098,0.6,0.40187811143207297,0.6328125
QCNN,4,2,64,zz,0,0.6833333333333333,0.7098844672657253,0.0,0.0,0.4635416666666667
QAOA_VQC,4,2,64,zz,0,0.8,0.8331193838254172,0.7,0.5521129194440628,0.7994791666666666
VQC,4,2,64,zz,1,0.65,0.693196405648267,0.4878048780487805,0.2255275076350721,0.7135416666666666
QCNN,4,2,64,zz,1,0.6666666666666666,0.7008985879332477,0.0,-0.08862553426923267,0.4661458333333333
QAOA_VQC,4,2,64,zz,1,0.8333333333333334,0.870346598202824,0.7619047619047619,0.642344751602652,0.7734375
VQC,4,2,64,zz,2,0.75,0.7702182284980745,0.6341463414634146,0.44857669101041814,0.7708333333333334
QCNN,4,2,64,zz,2,0.6833333333333333,0.46983311938382544,0.0,0.0,0.5364583333333334
QAOA_VQC,4,2,64,zz,2,0.8166666666666667,0.8074454428754814,0.717948717948718,0.5826987807287871,0.8177083333333334
VQC,4,2,64,pauli,0,0.8,0.8408215661103979,0.6842105263157895,0.5378690629010863,0.8072916666666666
QCNN,4,2,64,pauli,0,0.6833333333333333,0.7098844672657253,0.0,0.0,0.4635416666666667
QAOA_VQC,4,2,64,pauli,0,0.7333333333333333,0.8318356867779204,0.6,0.40187811143207297,0.7838541666666666
VQC,4,2,64,pauli,1,0.75,0.8818998716302953,0.6808510638297872,0.5122960830694917,0.7708333333333334
QCNN,4,2,64,pauli,1,0.6666666666666666,0.7008985879332477,0.0,-0.08862553426923267,0.4661458333333333
QAOA_VQC,4,2,64,pauli,1,0.7833333333333333,0.8498074454428755,0.7111111111111111,0.5615533925833629,0.765625
VQC,4,2,64,pauli,2,0.8,0.8241335044929397,0.6842105263157895,0.5378690629010863,0.8203125
QCNN,4,2,64,pauli,2,0.6833333333333333,0.46983311938382544,0.0,0.0,0.5364583333333334
QAOA_VQC,4,2,64,pauli,2,0.7666666666666667,0.7753530166880617,0.631578947368421,0.4608472400512887,0.8072916666666666
VQC,4,2,256,zz,0,0.7333333333333333,0.7573812580231065,0.6,0.40187811143207297,0.6328125
QCNN,4,2,256,zz,0,0.6833333333333333,0.7098844672657253,0.0,0.0,0.4635416666666667
QAOA_VQC,4,2,256,zz,0,0.7666666666666667,0.8472400513478819,0.6666666666666666,0.49496163460013154,0.7916666666666666
VQC,4,2,256,zz,1,0.6666666666666666,0.6893453145057766,0.5,0.25164330342008306,0.7083333333333334
QCNN,4,2,256,zz,1,0.6666666666666666,0.7008985879332477,0.0,-0.08862553426923267,0.4661458333333333
QAOA_VQC,4,2,256,zz,1,0.8333333333333334,0.8716302952503209,0.7619047619047619,0.642344751602652,0.7838541666666666
VQC,4,2,256,zz,2,0.75,0.7740693196405648,0.6341463414634146,0.44857669101041814,0.7708333333333334
QCNN,4,2,256,zz,2,0.6833333333333333,0.46983311938382544,0.0,0.0,0.5364583333333334
QAOA_VQC,4,2,256,zz,2,0.7833333333333333,0.803594351732991,0.6829268292682927,0.5229264188022001,0.8098958333333334
VQC,4,2,256,pauli,0,0.8166666666666667,0.8369704749679076,0.7027027027027027,0.5707481124891558,0.8098958333333334
QCNN,4,2,256,pauli,0,0.6833333333333333,0.7098844672657253,0.0,0.0,0.4635416666666667
QAOA_VQC,4,2,256,pauli,0,0.75,0.8100128369704749,0.6341463414634146,0.44857669101041814,0.7760416666666666
VQC,4,2,256,pauli,1,0.7833333333333333,0.889602053915276,0.7111111111111111,0.5615533925833629,0.7604166666666666
QCNN,4,2,256,pauli,1,0.6666666666666666,0.7008985879332477,0.0,-0.08862553426923267,0.4661458333333333
QAOA_VQC,4,2,256,pauli,1,0.7833333333333333,0.852374839537869,0.7111111111111111,0.5615533925833629,0.7604166666666666
VQC,4,2,256,pauli,2,0.7666666666666667,0.8164313222079589,0.6111111111111112,0.4465833051169724,0.8151041666666666
QCNN,4,2,256,pauli,2,0.6833333333333333,0.46983311938382544,0.0,0.0,0.5364583333333334
QAOA_VQC,4,2,256,pauli,2,0.8,0.7792041078305519,0.7,0.5521129194440628,0.8072916666666666
VQC,4,2,512,zz,0,0.7333333333333333,0.7560975609756098,0.6,0.40187811143207297,0.6302083333333334
QCNN,4,2,512,zz,0,0.6833333333333333,0.7098844672657253,0.0,0.0,0.4635416666666667
QAOA_VQC,4,2,512,zz,0,0.7833333333333333,0.8485237483953787,0.6829268292682927,0.5229264188022001,0.7916666666666666
VQC,4,2,512,zz,1,0.6666666666666666,0.6842105263157895,0.5,0.25164330342008306,0.7005208333333334
QCNN,4,2,512,zz,1,0.6666666666666666,0.7008985879332477,0.0,-0.08862553426923267,0.4661458333333333
QAOA_VQC,4,2,512,zz,1,0.8,0.8664955070603337,0.7142857142857143,0.5686531931013918,0.7786458333333334
VQC,4,2,512,zz,2,0.75,0.7766367137355584,0.6341463414634146,0.44857669101041814,0.7682291666666666
QCNN,4,2,512,zz,2,0.6833333333333333,0.46983311938382544,0.0,0.0,0.5364583333333334
QAOA_VQC,4,2,512,zz,2,0.7833333333333333,0.8010269576379974,0.6829268292682927,0.5229264188022001,0.8072916666666666
VQC,4,2,512,pauli,0,0.8333333333333334,0.8356867779204108,0.7222222222222222,0.6056040665829566,0.8072916666666666
QCNN,4,2,512,pauli,0,0.6833333333333333,0.7098844672657253,0.0,0.0,0.4635416666666667
QAOA_VQC,4,2,512,pauli,0,0.75,0.7997432605905006,0.6341463414634146,0.44857669101041814,0.7734375
VQC,4,2,512,pauli,1,0.7833333333333333,0.889602053915276,0.7111111111111111,0.5615533925833629,0.765625
QCNN,4,2,512,pauli,1,0.6666666666666666,0.7008985879332477,0.0,-0.08862553426923267,0.4661458333333333
QAOA_VQC,4,2,512,pauli,1,0.7666666666666667,0.8510911424903722,0.6956521739130435,0.5365373282077371,0.75
VQC,4,2,512,pauli,2,0.7666666666666667,0.810012836970475,0.6111111111111112,0.4465833051169724,0.8151041666666666
QCNN,4,2,512,pauli,2,0.6833333333333333,0.46983311938382544,0.0,0.0,0.5364583333333334
QAOA_VQC,4,2,512,pauli,2,0.7833333333333333,0.7753530166880616,0.6829268292682927,0.5229264188022001,0.8098958333333334
VQC,4,2,1024,zz,0,0.7333333333333333,0.754813863928113,0.6,0.40187811143207297,0.625
QCNN,4,2,1024,zz,0,0.6833333333333333,0.7098844672657253,0.0,0.0,0.4635416666666667
QAOA_VQC,4,2,1024,zz,0,0.8,0.8485237483953787,0.7,0.5521129194440628,0.7864583333333334
VQC,4,2,1024,zz,1,0.6666666666666666,0.680359435173299,0.5,0.25164330342008306,0.7005208333333334
QCNN,4,2,1024,zz,1,0.6666666666666666,0.7008985879332477,0.0,-0.08862553426923267,0.4661458333333333
QAOA_VQC,4,2,1024,zz,1,0.7833333333333333,0.8626444159178434,0.6976744186046512,0.5411994792468975,0.7760416666666666
VQC,4,2,1024,zz,2,0.75,0.7804878048780488,0.6341463414634146,0.44857669101041814,0.765625
QCNN,4,2,1024,zz,2,0.6833333333333333,0.46983311938382544,0.0,0.0,0.5364583333333334
QAOA_VQC,4,2,1024,zz,2,0.7833333333333333,0.7907573812580232,0.6829268292682927,0.5229264188022001,0.8098958333333334
VQC,4,2,1024,pauli,0,0.8333333333333334,0.8356867779204108,0.7222222222222222,0.6056040665829566,0.8072916666666666
QCNN,4,2,1024,pauli,0,0.6833333333333333,0.7098844672657253,0.0,0.0,0.4635416666666667
QAOA_VQC,4,2,1024,pauli,0,0.75,0.7984595635430038,0.6341463414634146,0.44857669101041814,0.7786458333333334
VQC,4,2,1024,pauli,1,0.7833333333333333,0.8921694480102695,0.7111111111111111,0.5615533925833629,0.7682291666666666
QCNN,4,2,1024,pauli,1,0.6666666666666666,0.7008985879332477,0.0,-0.08862553426923267,0.4661458333333333
QAOA_VQC,4,2,1024,pauli,1,0.75,0.8498074454428755,0.6666666666666666,0.4892503806627583,0.7447916666666666
VQC,4,2,1024,pauli,2,0.7666666666666667,0.8100128369704749,0.6111111111111112,0.4465833051169724,0.8125
QCNN,4,2,1024,pauli,2,0.6833333333333333,0.46983311938382544,0.0,0.0,0.5364583333333334
QAOA_VQC,4,2,1024,pauli,2,0.7833333333333333,0.772785622593068,0.6829268292682927,0.5229264188022001,0.8203125
VQC,4,3,64,zz,0,0.7333333333333333,0.7560975609756098,0.6,0.40187811143207297,0.6328125
QCNN,4,3,64,zz,0,0.6833333333333333,0.7098844672657253,0.0,0.0,0.4635416666666667
QAOA_VQC,4,3,64,zz,0,0.8,0.8331193838254172,0.7,0.5521129194440628,0.7994791666666666
VQC,4,3,64,zz,1,0.65,0.693196405648267,0.4878048780487805,0.2255275076350721,0.7135416666666666
QCNN,4,3,64,zz,1,0.6666666666666666,0.7008985879332477,0.0,-0.08862553426923267,0.4661458333333333
QAOA_VQC,4,3,64,zz,1,0.8333333333333334,0.870346598202824,0.7619047619047619,0.642344751602652,0.7734375
VQC,4,3,64,zz,2,0.75,0.7702182284980745,0.6341463414634146,0.44857669101041814,0.7708333333333334
QCNN,4,3,64,zz,2,0.6833333333333333,0.46983311938382544,0.0,0.0,0.5364583333333334
QAOA_VQC,4,3,64,zz,2,0.8166666666666667,0.8074454428754814,0.717948717948718,0.5826987807287871,0.8177083333333334
VQC,4,3,64,pauli,0,0.8,0.8408215661103979,0.6842105263157895,0.5378690629010863,0.8072916666666666
QCNN,4,3,64,pauli,0,0.6833333333333333,0.7098844672657253,0.0,0.0,0.4635416666666667
QAOA_VQC,4,3,64,pauli,0,0.7333333333333333,0.8318356867779204,0.6,0.40187811143207297,0.7838541666666666
VQC,4,3,64,pauli,1,0.75,0.8818998716302953,0.6808510638297872,0.5122960830694917,0.7708333333333334
QCNN,4,3,64,pauli,1,0.6666666666666666,0.7008985879332477,0.0,-0.08862553426923267,0.4661458333333333
QAOA_VQC,4,3,64,pauli,1,0.7833333333333333,0.8498074454428755,0.7111111111111111,0.5615533925833629,0.765625
VQC,4,3,64,pauli,2,0.8,0.8241335044929397,0.6842105263157895,0.5378690629010863,0.8203125
QCNN,4,3,64,pauli,2,0.6833333333333333,0.46983311938382544,0.0,0.0,0.5364583333333334
QAOA_VQC,4,3,64,pauli,2,0.7666666666666667,0.7753530166880617,0.631578947368421,0.4608472400512887,0.8072916666666666
VQC,4,3,256,zz,0,0.7333333333333333,0.7573812580231065,0.6,0.40187811143207297,0.6328125
QCNN,4,3,256,zz,0,0.6833333333333333,0.7098844672657253,0.0,0.0,0.4635416666666667
QAOA_VQC,4,3,256,zz,0,0.7666666666666667,0.8472400513478819,0.6666666666666666,0.49496163460013154,0.7916666666666666
VQC,4,3,256,zz,1,0.6666666666666666,0.6893453145057766,0.5,0.25164330342008306,0.7083333333333334
QCNN,4,3,256,zz,1,0.6666666666666666,0.7008985879332477,0.0,-0.08862553426923267,0.4661458333333333
QAOA_VQC,4,3,256,zz,1,0.8333333333333334,0.8716302952503209,0.7619047619047619,0.642344751602652,0.7838541666666666
VQC,4,3,256,zz,2,0.75,0.7740693196405648,0.6341463414634146,0.44857669101041814,0.7708333333333334
QCNN,4,3,256,zz,2,0.6833333333333333,0.46983311938382544,0.0,0.0,0.5364583333333334
QAOA_VQC,4,3,256,zz,2,0.7833333333333333,0.803594351732991,0.6829268292682927,0.5229264188022001,0.8098958333333334
VQC,4,3,256,pauli,0,0.8166666666666667,0.8369704749679076,0.7027027027027027,0.5707481124891558,0.8098958333333334
QCNN,4,3,256,pauli,0,0.6833333333333333,0.7098844672657253,0.0,0.0,0.4635416666666667
QAOA_VQC,4,3,256,pauli,0,0.75,0.8100128369704749,0.6341463414634146,0.44857669101041814,0.7760416666666666
VQC,4,3,256,pauli,1,0.7833333333333333,0.889602053915276,0.7111111111111111,0.5615533925833629,0.7604166666666666
QCNN,4,3,256,pauli,1,0.6666666666666666,0.7008985879332477,0.0,-0.08862553426923267,0.4661458333333333
QAOA_VQC,4,3,256,pauli,1,0.7833333333333333,0.852374839537869,0.7111111111111111,0.5615533925833629,0.7604166666666666
VQC,4,3,256,pauli,2,0.7666666666666667,0.8164313222079589,0.6111111111111112,0.4465833051169724,0.8151041666666666
QCNN,4,3,256,pauli,2,0.6833333333333333,0.46983311938382544,0.0,0.0,0.5364583333333334
QAOA_VQC,4,3,256,pauli,2,0.8,0.7792041078305519,0.7,0.5521129194440628,0.8072916666666666
VQC,4,3,512,zz,0,0.7333333333333333,0.7560975609756098,0.6,0.40187811143207297,0.6302083333333334
QCNN,4,3,512,zz,0,0.6833333333333333,0.7098844672657253,0.0,0.0,0.4635416666666667
QAOA_VQC,4,3,512,zz,0,0.7833333333333333,0.8485237483953787,0.6829268292682927,0.5229264188022001,0.7916666666666666
VQC,4,3,512,zz,1,0.6666666666666666,0.6842105263157895,0.5,0.25164330342008306,0.7005208333333334
QCNN,4,3,512,zz,1,0.6666666666666666,0.7008985879332477,0.0,-0.08862553426923267,0.4661458333333333
QAOA_VQC,4,3,512,zz,1,0.8,0.8664955070603337,0.7142857142857143,0.5686531931013918,0.7786458333333334
VQC,4,3,512,zz,2,0.75,0.7766367137355584,0.6341463414634146,0.44857669101041814,0.7682291666666666
QCNN,4,3,512,zz,2,0.6833333333333333,0.46983311938382544,0.0,0.0,0.5364583333333334
QAOA_VQC,4,3,512,zz,2,0.7833333333333333,0.8010269576379974,0.6829268292682927,0.5229264188022001,0.8072916666666666
VQC,4,3,512,pauli,0,0.8333333333333334,0.8356867779204108,0.7222222222222222,0.6056040665829566,0.8072916666666666
QCNN,4,3,512,pauli,0,0.6833333333333333,0.7098844672657253,0.0,0.0,0.4635416666666667
QAOA_VQC,4,3,512,pauli,0,0.75,0.7997432605905006,0.6341463414634146,0.44857669101041814,0.7734375
VQC,4,3,512,pauli,1,0.7833333333333333,0.889602053915276,0.7111111111111111,0.5615533925833629,0.765625
QCNN,4,3,512,pauli,1,0.6666666666666666,0.7008985879332477,0.0,-0.08862553426923267,0.4661458333333333
QAOA_VQC,4,3,512,pauli,1,0.7666666666666667,0.8510911424903722,0.6956521739130435,0.5365373282077371,0.75
VQC,4,3,512,pauli,2,0.7666666666666667,0.810012836970475,0.6111111111111112,0.4465833051169724,0.8151041666666666
QCNN,4,3,512,pauli,2,0.6833333333333333,0.46983311938382544,0.0,0.0,0.5364583333333334
QAOA_VQC,4,3,512,pauli,2,0.7833333333333333,0.7753530166880616,0.6829268292682927,0.5229264188022001,0.8098958333333334
VQC,4,3,1024,zz,0,0.7333333333333333,0.754813863928113,0.6,0.40187811143207297,0.625
QCNN,4,3,1024,zz,0,0.6833333333333333,0.7098844672657253,0.0,0.0,0.4635416666666667
QAOA_VQC,4,3,1024,zz,0,0.8,0.8485237483953787,0.7,0.5521129194440628,0.7864583333333334
VQC,4,3,1024,zz,1,0.6666666666666666,0.680359435173299,0.5,0.25164330342008306,0.7005208333333334
QCNN,4,3,1024,zz,1,0.6666666666666666,0.7008985879332477,0.0,-0.08862553426923267,0.4661458333333333
QAOA_VQC,4,3,1024,zz,1,0.7833333333333333,0.8626444159178434,0.6976744186046512,0.5411994792468975,0.7760416666666666
VQC,4,3,1024,zz,2,0.75,0.7804878048780488,0.6341463414634146,0.44857669101041814,0.765625
QCNN,4,3,1024,zz,2,0.6833333333333333,0.46983311938382544,0.0,0.0,0.5364583333333334
QAOA_VQC,4,3,1024,zz,2,0.7833333333333333,0.7907573812580232,0.6829268292682927,0.5229264188022001,0.8098958333333334
VQC,4,3,1024,pauli,0,0.8333333333333334,0.8356867779204108,0.7222222222222222,0.6056040665829566,0.8072916666666666
QCNN,4,3,1024,pauli,0,0.6833333333333333,0.7098844672657253,0.0,0.0,0.4635416666666667
QAOA_VQC,4,3,1024,pauli,0,0.75,0.7984595635430038,0.6341463414634146,0.44857669101041814,0.7786458333333334
VQC,4,3,1024,pauli,1,0.7833333333333333,0.8921694480102695,0.7111111111111111,0.5615533925833629,0.7682291666666666
QCNN,4,3,1024,pauli,1,0.6666666666666666,0.7008985879332477,0.0,-0.08862553426923267,0.4661458333333333
QAOA_VQC,4,3,1024,pauli,1,0.75,0.8498074454428755,0.6666666666666666,0.4892503806627583,0.7447916666666666
VQC,4,3,1024,pauli,2,0.7666666666666667,0.8100128369704749,0.6111111111111112,0.4465833051169724,0.8125
QCNN,4,3,1024,pauli,2,0.6833333333333333,0.46983311938382544,0.0,0.0,0.5364583333333334
QAOA_VQC,4,3,1024,pauli,2,0.7833333333333333,0.772785622593068,0.6829268292682927,0.5229264188022001,0.8203125
VQC,6,1,64,zz,0,0.7,0.741976893453145,0.47058823529411764,0.2689143612298023,0.6119791666666666
QCNN,6,1,64,zz,0,0.6666666666666666,0.754813863928113,0.16666666666666666,0.054013824987350904,0.4635416666666667
QAOA_VQC,6,1,64,zz,0,0.8,0.8382541720154044,0.6842105263157895,0.5378690629010863,0.8020833333333334
VQC,6,1,64,zz,1,0.6833333333333333,0.7394094993581515,0.5365853658536586,0.2998772354268541,0.7057291666666666
QCNN,6,1,64,zz,1,0.31666666666666665,0.5,0.4810126582278481,0.0,0.4661458333333333
QAOA_VQC,6,1,64,zz,1,0.7666666666666667,0.8664955070603337,0.6956521739130435,0.5365373282077371,0.7760416666666666
VQC,6,1,64,zz,2,0.7666666666666667,0.7843388960205392,0.6111111111111112,0.4465833051169724,0.7786458333333334
QCNN,6,1,64,zz,2,0.31666666666666665,0.5121951219512195,0.4810126582278481,0.0,0.5364583333333334
QAOA_VQC,6,1,64,zz,2,0.7833333333333333,0.8356867779204108,0.6666666666666666,0.5066945919380758,0.7942708333333334
VQC,6,1,64,pauli,0,0.8333333333333334,0.8459563543003851,0.7222222222222222,0.6056040665829566,0.7942708333333334
QCNN,6,1,64,pauli,0,0.6666666666666666,0.754813863928113,0.16666666666666666,0.054013824987350904,0.4635416666666667
QAOA_VQC,6,1,64,pauli,0,0.7666666666666667,0.8254172015404364,0.631578947368421,0.4608472400512887,0.7760416666666666
VQC,6,1,64,pauli,1,0.7666666666666667,0.8664955070603337,0.6818181818181818,0.5147734916074965,0.75
QCNN,6,1,64,pauli,1,0.31666666666666665,0.5,0.4810126582278481,0.0,0.4661458333333333
QAOA_VQC,6,1,64,pauli,1,0.75,0.8138639281129654,0.6511627906976745,0.4680644144838032,0.7630208333333334
VQC,6,1,64,pauli,2,0.7666666666666667,0.8254172015404364,0.631578947368421,0.4608472400512887,0.7942708333333334
QCNN,6,1,64,pauli,2,0.31666666666666665,0.5121951219512195,0.4810126582278481,0.0,0.5364583333333334
QAOA_VQC,6,1,64,pauli,2,0.75,0.7817715019255456,0.6153846153846154,0.43069040314736434,0.7786458333333334
VQC,6,1,256,zz,0,0.6833333333333333,0.7471116816431322,0.45714285714285713,0.23766082994436322,0.6119791666666666
QCNN,6,1,256,zz,0,0.6666666666666666,0.754813863928113,0.16666666666666666,0.054013824987350904,0.4635416666666667
QAOA_VQC,6,1,256,zz,0,0.8,0.8369704749679076,0.6842105263157895,0.5378690629010863,0.7864583333333334
VQC,6,1,256,zz,1,0.6833333333333333,0.7317073170731707,0.5365853658536586,0.2998772354268541,0.7057291666666666
QCNN,6,1,256,zz,1,0.31666666666666665,0.5,0.4810126582278481,0.0,0.4661458333333333
QAOA_VQC,6,1,256,zz,1,0.7333333333333333,0.8318356867779204,0.6521739130434783,0.46451889489126236,0.7526041666666666
VQC,6,1,256,zz,2,0.7666666666666667,0.7830551989730423,0.6111111111111112,0.4465833051169724,0.7786458333333334
QCNN,6,1,256,zz,2,0.31666666666666665,0.5121951219512195,0.4810126582278481,0.0,0.5364583333333334
QAOA_VQC,6,1,256,zz,2,0.7833333333333333,0.8395378690629012,0.6666666666666666,0.5066945919380758,0.7916666666666666
VQC,6,1,256,pauli,0,0.8333333333333334,0.8433889602053916,0.7222222222222222,0.6056040665829566,0.7864583333333334
QCNN,6,1,256,pauli,0,0.6666666666666666,0.754813863928113,0.16666666666666666,0.054013824987350904,0.4635416666666667
QAOA_VQC,6,1,256,pauli,0,0.7666666666666667,0.8125802310654685,0.65,0.4769955154380679,0.78125
VQC,6,1,256,pauli,1,0.8,0.8677792041078305,0.7142857142857143,0.5686531931013918,0.75
QCNN,6,1,256,pauli,1,0.31666666666666665,0.5,0.4810126582278481,0.0,0.4661458333333333
QAOA_VQC,6,1,256,pauli,1,0.7333333333333333,0.7920410783055198,0.6190476190476191,0.42127007609887124,0.7421875
VQC,6,1,256,pauli,2,0.75,0.8164313222079589,0.5945945945945946,0.41437876660171585,0.796875
QCNN,6,1,256,pauli,2,0.31666666666666665,0.5121951219512195,0.4810126582278481,0.0,0.5364583333333334
QAOA_VQC,6,1,256,pauli,2,0.7333333333333333,0.7586649550706034,0.6,0.40187811143207297,0.7604166666666666
VQC,6,1,512,zz,0,0.6833333333333333,0.7496790757381258,0.45714285714285713,0.23766082994436322,0.6171875
QCNN,6,1,512,zz,0,0.6666666666666666,0.754813863928113,0.16666666666666666,0.054013824987350904,0.4635416666666667
QAOA_VQC,6,1,512,zz,0,0.8166666666666667,0.8369704749679076,0.7027027027027027,0.5707481124891558,0.7786458333333334
VQC,6,1,512,zz,1,0.6833333333333333,0.7304236200256738,0.5365853658536586,0.2998772354268541,0.7135416666666666
QCNN,6,1,512,zz,1,0.31666666666666665,0.5,0.4810126582278481,0.0,0.4661458333333333
QAOA_VQC,6,1,512,zz,1,0.7166666666666667,0.8202824133504494,0.6222222222222222,0.4169473687421536,0.7395833333333334
VQC,6,1,512,zz,2,0.7666666666666667,0.7843388960205391,0.6111111111111112,0.4465833051169724,0.7786458333333334
QCNN,6,1,512,zz,2,0.31666666666666665,0.5121951219512195,0.4810126582278481,0.0,0.5364583333333334
QAOA_VQC,6,1,512,zz,2,0.7666666666666667,0.8318356867779204,0.65,0.4769955154380679,0.7890625
VQC,6,1,512,pauli,0,0.8333333333333334,0.8446726572528883,0.7222222222222222,0.6056040665829566,0.7838541666666666
QCNN,6,1,512,pauli,0,0.6666666666666666,0.754813863928113,0.16666666666666666,0.054013824987350904,0.4635416666666667
QAOA_VQC,6,1,512,pauli,0,0.75,0.8010269576379974,0.6153846153846154,0.43069040314736434,0.7760416666666666
VQC,6,1,512,pauli,1,0.8,0.8690629011553274,0.7142857142857143,0.5686531931013918,0.7447916666666666
QCNN,6,1,512,pauli,1,0.31666666666666665,0.5,0.4810126582278481,0.0,0.4661458333333333
QAOA_VQC,6,1,512,pauli,1,0.7333333333333333,0.7881899871630296,0.6190476190476191,0.42127007609887124,0.734375
VQC,6,1,512,pauli,2,0.7666666666666667,0.8228498074454428,0.631578947368421,0.4608472400512887,0.7916666666666666
QCNN,6,1,512,pauli,2,0.31666666666666665,0.5121951219512195,0.4810126582278481,0.0,0.5364583333333334
QAOA_VQC,6,1,512,pauli,2,0.75,0.7535301668806161,0.6153846153846154,0.43069040314736434,0.7604166666666666
VQC,6,1,1024,zz,0,0.6833333333333333,0.7471116816431322,0.45714285714285713,0.23766082994436322,0.6119791666666666
QCNN,6,1,1024,zz,0,0.6666666666666666,0.754813863928113,0.16666666666666666,0.054013824987350904,0.4635416666666667
QAOA_VQC,6,1,1024,zz,0,0.8,0.8305519897304235,0.6842105263157895,0.5378690629010863,0.7734375
VQC,6,1,1024,zz,1,0.6666666666666666,0.7304236200256738,0.5238095238095238,0.2738869590963507,0.7109375
QCNN,6,1,1024,zz,1,0.31666666666666665,0.5,0.4810126582278481,0.0,0.4661458333333333
QAOA_VQC,6,1,1024,zz,1,0.7,0.8125802310654686,0.6086956521739131,0.3925004615747876,0.7395833333333334
VQC,6,1,1024,zz,2,0.7666666666666667,0.7817715019255456,0.6111111111111112,0.4465833051169724,0.78125
QCNN,6,1,1024,zz,2,0.31666666666666665,0.5121951219512195,0.4810126582278481,0.0,0.5364583333333334
QAOA_VQC,6,1,1024,zz,2,0.7833333333333333,0.8344030808729139,0.6829268292682927,0.5229264188022001,0.7864583333333334
VQC,6,1,1024,pauli,0,0.8333333333333334,0.8395378690629012,0.7222222222222222,0.6056040665829566,0.7890625
QCNN,6,1,1024,pauli,0,0.6666666666666666,0.754813863928113,0.16666666666666666,0.054013824987350904,0.4635416666666667
QAOA_VQC,6,1,1024,pauli,0,0.7333333333333333,0.7946084724005135,0.6,0.40187811143207297,0.7786458333333334
VQC,6,1,1024,pauli,1,0.8,0.8716302952503209,0.7142857142857143,0.5686531931013918,0.7421875
QCNN,6,1,1024,pauli,1,0.31666666666666665,0.5,0.4810126582278481,0.0,0.4661458333333333
QAOA_VQC,6,1,1024,pauli,1,0.7166666666666667,0.779204107830552,0.5853658536585366,0.37422696321863613,0.7213541666666666
VQC,6,1,1024,pauli,2,0.7666666666666667,0.8164313222079589,0.631578947368421,0.4608472400512887,0.7890625
QCNN,6,1,1024,pauli,2,0.31666666666666665,0.5121951219512195,0.4810126582278481,0.0,0.5364583333333334
QAOA_VQC,6,1,1024,pauli,2,0.75,0.7509627727856226,0.6153846153846154,0.43069040314736434,0.765625
VQC,6,2,64,zz,0,0.7,0.741976893453145,0.47058823529411764,0.2689143612298023,0.6119791666666666
QCNN,6,2,64,zz,0,0.6666666666666666,0.754813863928113,0.16666666666666666,0.054013824987350904,0.4635416666666667
QAOA_VQC,6,2,64,zz,0,0.8,0.8382541720154044,0.6842105263157895,0.5378690629010863,0.8020833333333334
VQC,6,2,64,zz,1,0.6833333333333333,0.7394094993581515,0.5365853658536586,0.2998772354268541,0.7057291666666666
QCNN,6,2,64,zz,1,0.31666666666666665,0.5,0.4810126582278481,0.0,0.4661458333333333
QAOA_VQC,6,2,64,zz,1,0.7666666666666667,0.8664955070603337,0.6956521739130435,0.5365373282077371,0.7760416666666666
VQC,6,2,64,zz,2,0.7666666666666667,0.7843388960205392,0.6111111111111112,0.4465833051169724,0.7786458333333334
QCNN,6,2,64,zz,2,0.31666666666666665,0.5121951219512195,0.4810126582278481,0.0,0.5364583333333334
QAOA_VQC,6,2,64,zz,2,0.7833333333333333,0.8356867779204108,0.6666666666666666,0.5066945919380758,0.7942708333333334
VQC,6,2,64,pauli,0,0.8333333333333334,0.8459563543003851,0.7222222222222222,0.6056040665829566,0.7942708333333334
QCNN,6,2,64,pauli,0,0.6666666666666666,0.754813863928113,0.16666666666666666,0.054013824987350904,0.4635416666666667
QAOA_VQC,6,2,64,pauli,0,0.7666666666666667,0.8254172015404364,0.631578947368421,0.4608472400512887,0.7760416666666666
VQC,6,2,64,pauli,1,0.7666666666666667,0.8664955070603337,0.6818181818181818,0.5147734916074965,0.75
QCNN,6,2,64,pauli,1,0.31666666666666665,0.5,0.4810126582278481,0.0,0.4661458333333333
QAOA_VQC,6,2,64,pauli,1,0.75,0.8138639281129654,0.6511627906976745,0.4680644144838032,0.7630208333333334
VQC,6,2,64,pauli,2,0.7666666666666667,0.8254172015404364,0.631578947368421,0.4608472400512887,0.7942708333333334
QCNN,6,2,64,pauli,2,0.31666666666666665,0.5121951219512195,0.4810126582278481,0.0,0.5364583333333334
QAOA_VQC,6,2,64,pauli,2,0.75,0.7817715019255456,0.6153846153846154,0.43069040314736434,0.7786458333333334
VQC,6,2,256,zz,0,0.6833333333333333,0.7471116816431322,0.45714285714285713,0.23766082994436322,0.6119791666666666
QCNN,6,2,256,zz,0,0.6666666666666666,0.754813863928113,0.16666666666666666,0.054013824987350904,0.4635416666666667
QAOA_VQC,6,2,256,zz,0,0.8,0.8369704749679076,0.6842105263157895,0.5378690629010863,0.7864583333333334
VQC,6,2,256,zz,1,0.6833333333333333,0.7317073170731707,0.5365853658536586,0.2998772354268541,0.7057291666666666
QCNN,6,2,256,zz,1,0.31666666666666665,0.5,0.4810126582278481,0.0,0.4661458333333333
QAOA_VQC,6,2,256,zz,1,0.7333333333333333,0.8318356867779204,0.6521739130434783,0.46451889489126236,0.7526041666666666
VQC,6,2,256,zz,2,0.7666666666666667,0.7830551989730423,0.6111111111111112,0.4465833051169724,0.7786458333333334
QCNN,6,2,256,zz,2,0.31666666666666665,0.5121951219512195,0.4810126582278481,0.0,0.5364583333333334
QAOA_VQC,6,2,256,zz,2,0.7833333333333333,0.8395378690629012,0.6666666666666666,0.5066945919380758,0.7916666666666666
VQC,6,2,256,pauli,0,0.8333333333333334,0.8433889602053916,0.7222222222222222,0.6056040665829566,0.7864583333333334
QCNN,6,2,256,pauli,0,0.6666666666666666,0.754813863928113,0.16666666666666666,0.054013824987350904,0.4635416666666667
QAOA_VQC,6,2,256,pauli,0,0.7666666666666667,0.8125802310654685,0.65,0.4769955154380679,0.78125
VQC,6,2,256,pauli,1,0.8,0.8677792041078305,0.7142857142857143,0.5686531931013918,0.75
QCNN,6,2,256,pauli,1,0.31666666666666665,0.5,0.4810126582278481,0.0,0.4661458333333333
QAOA_VQC,6,2,256,pauli,1,0.7333333333333333,0.7920410783055198,0.6190476190476191,0.42127007609887124,0.7421875
VQC,6,2,256,pauli,2,0.75,0.8164313222079589,0.5945945945945946,0.41437876660171585,0.796875
QCNN,6,2,256,pauli,2,0.31666666666666665,0.5121951219512195,0.4810126582278481,0.0,0.5364583333333334
QAOA_VQC,6,2,256,pauli,2,0.7333333333333333,0.7586649550706034,0.6,0.40187811143207297,0.7604166666666666
VQC,6,2,512,zz,0,0.6833333333333333,0.7496790757381258,0.45714285714285713,0.23766082994436322,0.6171875
QCNN,6,2,512,zz,0,0.6666666666666666,0.754813863928113,0.16666666666666666,0.054013824987350904,0.4635416666666667
QAOA_VQC,6,2,512,zz,0,0.8166666666666667,0.8369704749679076,0.7027027027027027,0.5707481124891558,0.7786458333333334
VQC,6,2,512,zz,1,0.6833333333333333,0.7304236200256738,0.5365853658536586,0.2998772354268541,0.7135416666666666
QCNN,6,2,512,zz,1,0.31666666666666665,0.5,0.4810126582278481,0.0,0.4661458333333333
QAOA_VQC,6,2,512,zz,1,0.7166666666666667,0.8202824133504494,0.6222222222222222,0.4169473687421536,0.7395833333333334
VQC,6,2,512,zz,2,0.7666666666666667,0.7843388960205391,0.6111111111111112,0.4465833051169724,0.7786458333333334
QCNN,6,2,512,zz,2,0.31666666666666665,0.5121951219512195,0.4810126582278481,0.0,0.5364583333333334
QAOA_VQC,6,2,512,zz,2,0.7666666666666667,0.8318356867779204,0.65,0.4769955154380679,0.7890625
VQC,6,2,512,pauli,0,0.8333333333333334,0.8446726572528883,0.7222222222222222,0.6056040665829566,0.7838541666666666
QCNN,6,2,512,pauli,0,0.6666666666666666,0.754813863928113,0.16666666666666666,0.054013824987350904,0.4635416666666667
QAOA_VQC,6,2,512,pauli,0,0.75,0.8010269576379974,0.6153846153846154,0.43069040314736434,0.7760416666666666
VQC,6,2,512,pauli,1,0.8,0.8690629011553274,0.7142857142857143,0.5686531931013918,0.7447916666666666
QCNN,6,2,512,pauli,1,0.31666666666666665,0.5,0.4810126582278481,0.0,0.4661458333333333
QAOA_VQC,6,2,512,pauli,1,0.7333333333333333,0.7881899871630296,0.6190476190476191,0.42127007609887124,0.734375
VQC,6,2,512,pauli,2,0.7666666666666667,0.8228498074454428,0.631578947368421,0.4608472400512887,0.7916666666666666
QCNN,6,2,512,pauli,2,0.31666666666666665,0.5121951219512195,0.4810126582278481,0.0,0.5364583333333334
QAOA_VQC,6,2,512,pauli,2,0.75,0.7535301668806161,0.6153846153846154,0.43069040314736434,0.7604166666666666
VQC,6,2,1024,zz,0,0.6833333333333333,0.7471116816431322,0.45714285714285713,0.23766082994436322,0.6119791666666666
QCNN,6,2,1024,zz,0,0.6666666666666666,0.754813863928113,0.16666666666666666,0.054013824987350904,0.4635416666666667
QAOA_VQC,6,2,1024,zz,0,0.8,0.8305519897304235,0.6842105263157895,0.5378690629010863,0.7734375
VQC,6,2,1024,zz,1,0.6666666666666666,0.7304236200256738,0.5238095238095238,0.2738869590963507,0.7109375
QCNN,6,2,1024,zz,1,0.31666666666666665,0.5,0.4810126582278481,0.0,0.4661458333333333
QAOA_VQC,6,2,1024,zz,1,0.7,0.8125802310654686,0.6086956521739131,0.3925004615747876,0.7395833333333334
VQC,6,2,1024,zz,2,0.7666666666666667,0.7817715019255456,0.6111111111111112,0.4465833051169724,0.78125
QCNN,6,2,1024,zz,2,0.31666666666666665,0.5121951219512195,0.4810126582278481,0.0,0.5364583333333334
QAOA_VQC,6,2,1024,zz,2,0.7833333333333333,0.8344030808729139,0.6829268292682927,0.5229264188022001,0.7864583333333334
VQC,6,2,1024,pauli,0,0.8333333333333334,0.8395378690629012,0.7222222222222222,0.6056040665829566,0.7890625
QCNN,6,2,1024,pauli,0,0.6666666666666666,0.754813863928113,0.16666666666666666,0.054013824987350904,0.4635416666666667
QAOA_VQC,6,2,1024,pauli,0,0.7333333333333333,0.7946084724005135,0.6,0.40187811143207297,0.7786458333333334
VQC,6,2,1024,pauli,1,0.8,0.8716302952503209,0.7142857142857143,0.5686531931013918,0.7421875
QCNN,6,2,1024,pauli,1,0.31666666666666665,0.5,0.4810126582278481,0.0,0.4661458333333333
QAOA_VQC,6,2,1024,pauli,1,0.7166666666666667,0.779204107830552,0.5853658536585366,0.37422696321863613,0.7213541666666666
VQC,6,2,1024,pauli,2,0.7666666666666667,0.8164313222079589,0.631578947368421,0.4608472400512887,0.7890625
QCNN,6,2,1024,pauli,2,0.31666666666666665,0.5121951219512195,0.4810126582278481,0.0,0.5364583333333334
QAOA_VQC,6,2,1024,pauli,2,0.75,0.7509627727856226,0.6153846153846154,0.43069040314736434,0.765625
VQC,6,3,64,zz,0,0.7,0.741976893453145,0.47058823529411764,0.2689143612298023,0.6119791666666666
QCNN,6,3,64,zz,0,0.6666666666666666,0.754813863928113,0.16666666666666666,0.054013824987350904,0.4635416666666667
QAOA_VQC,6,3,64,zz,0,0.8,0.8382541720154044,0.6842105263157895,0.5378690629010863,0.8020833333333334
VQC,6,3,64,zz,1,0.6833333333333333,0.7394094993581515,0.5365853658536586,0.2998772354268541,0.7057291666666666
QCNN,6,3,64,zz,1,0.31666666666666665,0.5,0.4810126582278481,0.0,0.4661458333333333
QAOA_VQC,6,3,64,zz,1,0.7666666666666667,0.8664955070603337,0.6956521739130435,0.5365373282077371,0.7760416666666666
VQC,6,3,64,zz,2,0.7666666666666667,0.7843388960205392,0.6111111111111112,0.4465833051169724,0.7786458333333334
QCNN,6,3,64,zz,2,0.31666666666666665,0.5121951219512195,0.4810126582278481,0.0,0.5364583333333334
QAOA_VQC,6,3,64,zz,2,0.7833333333333333,0.8356867779204108,0.6666666666666666,0.5066945919380758,0.7942708333333334
VQC,6,3,64,pauli,0,0.8333333333333334,0.8459563543003851,0.7222222222222222,0.6056040665829566,0.7942708333333334
QCNN,6,3,64,pauli,0,0.6666666666666666,0.754813863928113,0.16666666666666666,0.054013824987350904,0.4635416666666667
QAOA_VQC,6,3,64,pauli,0,0.7666666666666667,0.8254172015404364,0.631578947368421,0.4608472400512887,0.7760416666666666
VQC,6,3,64,pauli,1,0.7666666666666667,0.8664955070603337,0.6818181818181818,0.5147734916074965,0.75
QCNN,6,3,64,pauli,1,0.31666666666666665,0.5,0.4810126582278481,0.0,0.4661458333333333
QAOA_VQC,6,3,64,pauli,1,0.75,0.8138639281129654,0.6511627906976745,0.4680644144838032,0.7630208333333334
VQC,6,3,64,pauli,2,0.7666666666666667,0.8254172015404364,0.631578947368421,0.4608472400512887,0.7942708333333334
QCNN,6,3,64,pauli,2,0.31666666666666665,0.5121951219512195,0.4810126582278481,0.0,0.5364583333333334
QAOA_VQC,6,3,64,pauli,2,0.75,0.7817715019255456,0.6153846153846154,0.43069040314736434,0.7786458333333334
VQC,6,3,256,zz,0,0.6833333333333333,0.7471116816431322,0.45714285714285713,0.23766082994436322,0.6119791666666666
QCNN,6,3,256,zz,0,0.6666666666666666,0.754813863928113,0.16666666666666666,0.054013824987350904,0.4635416666666667
QAOA_VQC,6,3,256,zz,0,0.8,0.8369704749679076,0.6842105263157895,0.5378690629010863,0.7864583333333334
VQC,6,3,256,zz,1,0.6833333333333333,0.7317073170731707,0.5365853658536586,0.2998772354268541,0.7057291666666666
QCNN,6,3,256,zz,1,0.31666666666666665,0.5,0.4810126582278481,0.0,0.4661458333333333
QAOA_VQC,6,3,256,zz,1,0.7333333333333333,0.8318356867779204,0.6521739130434783,0.46451889489126236,0.7526041666666666
VQC,6,3,256,zz,2,0.7666666666666667,0.7830551989730423,0.6111111111111112,0.4465833051169724,0.7786458333333334
QCNN,6,3,256,zz,2,0.31666666666666665,0.5121951219512195,0.4810126582278481,0.0,0.5364583333333334
QAOA_VQC,6,3,256,zz,2,0.7833333333333333,0.8395378690629012,0.6666666666666666,0.5066945919380758,0.7916666666666666
VQC,6,3,256,pauli,0,0.8333333333333334,0.8433889602053916,0.7222222222222222,0.6056040665829566,0.7864583333333334
QCNN,6,3,256,pauli,0,0.6666666666666666,0.754813863928113,0.16666666666666666,0.054013824987350904,0.4635416666666667
QAOA_VQC,6,3,256,pauli,0,0.7666666666666667,0.8125802310654685,0.65,0.4769955154380679,0.78125
VQC,6,3,256,pauli,1,0.8,0.8677792041078305,0.7142857142857143,0.5686531931013918,0.75
QCNN,6,3,256,pauli,1,0.31666666666666665,0.5,0.4810126582278481,0.0,0.4661458333333333
QAOA_VQC,6,3,256,pauli,1,0.7333333333333333,0.7920410783055198,0.6190476190476191,0.42127007609887124,0.7421875
VQC,6,3,256,pauli,2,0.75,0.8164313222079589,0.5945945945945946,0.41437876660171585,0.796875
QCNN,6,3,256,pauli,2,0.31666666666666665,0.5121951219512195,0.4810126582278481,0.0,0.5364583333333334
QAOA_VQC,6,3,256,pauli,2,0.7333333333333333,0.7586649550706034,0.6,0.40187811143207297,0.7604166666666666
VQC,6,3,512,zz,0,0.6833333333333333,0.7496790757381258,0.45714285714285713,0.23766082994436322,0.6171875
QCNN,6,3,512,zz,0,0.6666666666666666,0.754813863928113,0.16666666666666666,0.054013824987350904,0.4635416666666667
QAOA_VQC,6,3,512,zz,0,0.8166666666666667,0.8369704749679076,0.7027027027027027,0.5707481124891558,0.7786458333333334
VQC,6,3,512,zz,1,0.6833333333333333,0.7304236200256738,0.5365853658536586,0.2998772354268541,0.7135416666666666
QCNN,6,3,512,zz,1,0.31666666666666665,0.5,0.4810126582278481,0.0,0.4661458333333333
QAOA_VQC,6,3,512,zz,1,0.7166666666666667,0.8202824133504494,0.6222222222222222,0.4169473687421536,0.7395833333333334
VQC,6,3,512,zz,2,0.7666666666666667,0.7843388960205391,0.6111111111111112,0.4465833051169724,0.7786458333333334
QCNN,6,3,512,zz,2,0.31666666666666665,0.5121951219512195,0.4810126582278481,0.0,0.5364583333333334
QAOA_VQC,6,3,512,zz,2,0.7666666666666667,0.8318356867779204,0.65,0.4769955154380679,0.7890625
VQC,6,3,512,pauli,0,0.8333333333333334,0.8446726572528883,0.7222222222222222,0.6056040665829566,0.7838541666666666
QCNN,6,3,512,pauli,0,0.6666666666666666,0.754813863928113,0.16666666666666666,0.054013824987350904,0.4635416666666667
QAOA_VQC,6,3,512,pauli,0,0.75,0.8010269576379974,0.6153846153846154,0.43069040314736434,0.7760416666666666
VQC,6,3,512,pauli,1,0.8,0.8690629011553274,0.7142857142857143,0.5686531931013918,0.7447916666666666
QCNN,6,3,512,pauli,1,0.31666666666666665,0.5,0.4810126582278481,0.0,0.4661458333333333
QAOA_VQC,6,3,512,pauli,1,0.7333333333333333,0.7881899871630296,0.6190476190476191,0.42127007609887124,0.734375
VQC,6,3,512,pauli,2,0.7666666666666667,0.8228498074454428,0.631578947368421,0.4608472400512887,0.7916666666666666
QCNN,6,3,512,pauli,2,0.31666666666666665,0.5121951219512195,0.4810126582278481,0.0,0.5364583333333334
QAOA_VQC,6,3,512,pauli,2,0.75,0.7535301668806161,0.6153846153846154,0.43069040314736434,0.7604166666666666
VQC,6,3,1024,zz,0,0.6833333333333333,0.7471116816431322,0.45714285714285713,0.23766082994436322,0.6119791666666666
QCNN,6,3,1024,zz,0,0.6666666666666666,0.754813863928113,0.16666666666666666,0.054013824987350904,0.4635416666666667
QAOA_VQC,6,3,1024,zz,0,0.8,0.8305519897304235,0.6842105263157895,0.5378690629010863,0.7734375
VQC,6,3,1024,zz,1,0.6666666666666666,0.7304236200256738,0.5238095238095238,0.2738869590963507,0.7109375
QCNN,6,3,1024,zz,1,0.31666666666666665,0.5,0.4810126582278481,0.0,0.4661458333333333
QAOA_VQC,6,3,1024,zz,1,0.7,0.8125802310654686,0.6086956521739131,0.3925004615747876,0.7395833333333334
VQC,6,3,1024,zz,2,0.7666666666666667,0.7817715019255456,0.6111111111111112,0.4465833051169724,0.78125
QCNN,6,3,1024,zz,2,0.31666666666666665,0.5121951219512195,0.4810126582278481,0.0,0.5364583333333334
QAOA_VQC,6,3,1024,zz,2,0.7833333333333333,0.8344030808729139,0.6829268292682927,0.5229264188022001,0.7864583333333334
VQC,6,3,1024,pauli,0,0.8333333333333334,0.8395378690629012,0.7222222222222222,0.6056040665829566,0.7890625
QCNN,6,3,1024,pauli,0,0.6666666666666666,0.754813863928113,0.16666666666666666,0.054013824987350904,0.4635416666666667
QAOA_VQC,6,3,1024,pauli,0,0.7333333333333333,0.7946084724005135,0.6,0.40187811143207297,0.7786458333333334
VQC,6,3,1024,pauli,1,0.8,0.8716302952503209,0.7142857142857143,0.5686531931013918,0.7421875
QCNN,6,3,1024,pauli,1,0.31666666666666665,0.5,0.4810126582278481,0.0,0.4661458333333333
QAOA_VQC,6,3,1024,pauli,1,0.7166666666666667,0.779204107830552,0.5853658536585366,0.37422696321863613,0.7213541666666666
VQC,6,3,1024,pauli,2,0.7666666666666667,0.8164313222079589,0.631578947368421,0.4608472400512887,0.7890625
QCNN,6,3,1024,pauli,2,0.31666666666666665,0.5121951219512195,0.4810126582278481,0.0,0.5364583333333334
QAOA_VQC,6,3,1024,pauli,2,0.75,0.7509627727856226,0.6153846153846154,0.43069040314736434,0.765625
VQC,8,1,64,zz,0,0.6166666666666667,0.7381258023106546,0.46511627906976744,0.1755241554314262,0.6015625
QCNN,8,1,64,zz,0,0.7333333333333333,0.7028241335044929,0.42857142857142855,0.31607251530563135,0.4635416666666667
QAOA_VQC,8,1,64,zz,0,0.85,0.8305519897304235,0.7567567567567568,0.6489327854328757,0.7994791666666666
VQC,8,1,64,zz,1,0.7333333333333333,0.7817715019255456,0.6190476190476191,0.42127007609887124,0.7578125
QCNN,8,1,64,zz,1,0.31666666666666665,0.5,0.4810126582278481,0.0,0.4661458333333333
QAOA_VQC,8,1,64,zz,1,0.8,0.865211810012837,0.7272727272727273,0.5874473963050254,0.78125
VQC,8,1,64,zz,2,0.7833333333333333,0.8575096277278562,0.6829268292682927,0.5229264188022001,0.7760416666666666
QCNN,8,1,64,zz,2,0.31666666666666665,0.5121951219512195,0.4810126582278481,0.0,0.5364583333333334
QAOA_VQC,8,1,64,zz,2,0.7333333333333333,0.8125802310654685,0.5789473684210527,0.38382541720149116,0.796875
VQC,8,1,64,pauli,0,0.7833333333333333,0.8600770218228498,0.6666666666666666,0.5066945919380758,0.7942708333333334
QCNN,8,1,64,pauli,0,0.7333333333333333,0.7028241335044929,0.42857142857142855,0.31607251530563135,0.4635416666666667
QAOA_VQC,8,1,64,pauli,0,0.8166666666666667,0.8446726572528882,0.717948717948718,0.5826987807287871,0.7916666666666666
VQC,8,1,64,pauli,1,0.7833333333333333,0.8780487804878049,0.7111111111111111,0.5615533925833629,0.7604166666666666
QCNN,8,1,64,pauli,1,0.31666666666666665,0.5,0.4810126582278481,0.0,0.4661458333333333
QAOA_VQC,8,1,64,pauli,1,0.7666666666666667,0.8575096277278562,0.6818181818181818,0.5147734916074965,0.7473958333333334
VQC,8,1,64,pauli,2,0.7666666666666667,0.8125802310654686,0.631578947368421,0.4608472400512887,0.7942708333333334
QCNN,8,1,64,pauli,2,0.31666666666666665,0.5121951219512195,0.4810126582278481,0.0,0.5364583333333334
QAOA_VQC,8,1,64,pauli,2,0.75,0.79204107830552,0.6153846153846154,0.43069040314736434,0.7760416666666666
VQC,8,1,256,zz,0,0.6166666666666667,0.7368421052631579,0.46511627906976744,0.1755241554314262,0.609375
QCNN,8,1,256,zz,0,0.7333333333333333,0.7028241335044929,0.42857142857142855,0.31607251530563135,0.4635416666666667
QAOA_VQC,8,1,256,zz,0,0.8333333333333334,0.8241335044929397,0.7368421052631579,0.6148908857508838,0.8072916666666666
VQC,8,1,256,zz,1,0.7333333333333333,0.7766367137355584,0.6190476190476191,0.42127007609887124,0.7630208333333334
QCNN,8,1,256,zz,1,0.31666666666666665,0.5,0.4810126582278481,0.0,0.4661458333333333
QAOA_VQC,8,1,256,zz,1,0.7166666666666667,0.82798459563543,0.6046511627906976,0.3949293497207089,0.7526041666666666
VQC,8,1,256,zz,2,0.7833333333333333,0.8600770218228498,0.6829268292682927,0.5229264188022001,0.7760416666666666
QCNN,8,1,256,zz,2,0.31666666666666665,0.5121951219512195,0.4810126582278481,0.0,0.5364583333333334
QAOA_VQC,8,1,256,zz,2,0.7833333333333333,0.8138639281129653,0.6666666666666666,0.5066945919380758,0.8020833333333334
VQC,8,1,256,pauli,0,0.7833333333333333,0.8459563543003851,0.6666666666666666,0.5066945919380758,0.7942708333333334
QCNN,8,1,256,pauli,0,0.7333333333333333,0.7028241335044929,0.42857142857142855,0.31607251530563135,0.4635416666666667
QAOA_VQC,8,1,256,pauli,0,0.7833333333333333,0.8318356867779204,0.6829268292682927,0.5229264188022001,0.765625
VQC,8,1,256,pauli,1,0.8,0.8793324775353016,0.7272727272727273,0.5874473963050254,0.7630208333333334
QCNN,8,1,256,pauli,1,0.31666666666666665,0.5,0.4810126582278481,0.0,0.4661458333333333
QAOA_VQC,8,1,256,pauli,1,0.7666666666666667,0.8356867779204109,0.6818181818181818,0.5147734916074965,0.7421875
VQC,8,1,256,pauli,2,0.7666666666666667,0.8048780487804877,0.6111111111111112,0.4465833051169724,0.7916666666666666
QCNN,8,1,256,pauli,2,0.31666666666666665,0.5121951219512195,0.4810126582278481,0.0,0.5364583333333334
QAOA_VQC,8,1,256,pauli,2,0.7833333333333333,0.7804878048780488,0.6666666666666666,0.5066945919380758,0.7630208333333334
VQC,8,1,512,zz,0,0.6166666666666667,0.7342747111681642,0.46511627906976744,0.1755241554314262,0.609375
QCNN,8,1,512,zz,0,0.7333333333333333,0.7028241335044929,0.42857142857142855,0.31607251530563135,0.4635416666666667
QAOA_VQC,8,1,512,zz,0,0.8166666666666667,0.8202824133504492,0.717948717948718,0.5826987807287871,0.8020833333333334
VQC,8,1,512,zz,1,0.7166666666666667,0.7740693196405648,0.6046511627906976,0.3949293497207089,0.765625
QCNN,8,1,512,zz,1,0.31666666666666665,0.5,0.4810126582278481,0.0,0.4661458333333333
QAOA_VQC,8,1,512,zz,1,0.7,0.8125802310654686,0.5909090909090909,0.3694256822124387,0.7473958333333334
VQC,8,1,512,zz,2,0.7833333333333333,0.8600770218228498,0.6829268292682927,0.5229264188022001,0.7786458333333334
QCNN,8,1,512,zz,2,0.31666666666666665,0.5121951219512195,0.4810126582278481,0.0,0.5364583333333334
QAOA_VQC,8,1,512,zz,2,0.7833333333333333,0.8151476251604621,0.6666666666666666,0.5066945919380758,0.7994791666666666
VQC,8,1,512,pauli,0,0.8,0.8395378690629012,0.6842105263157895,0.5378690629010863,0.7890625
QCNN,8,1,512,pauli,0,0.7333333333333333,0.7028241335044929,0.42857142857142855,0.31607251530563135,0.4635416666666667
QAOA_VQC,8,1,512,pauli,0,0.7666666666666667,0.8125802310654685,0.631578947368421,0.4608472400512887,0.7682291666666666
VQC,8,1,512,pauli,1,0.7833333333333333,0.8844672657252888,0.7111111111111111,0.5615533925833629,0.7526041666666666
QCNN,8,1,512,pauli,1,0.31666666666666665,0.5,0.4810126582278481,0.0,0.4661458333333333
QAOA_VQC,8,1,512,pauli,1,0.7666666666666667,0.8292682926829268,0.6818181818181818,0.5147734916074965,0.7395833333333334
VQC,8,1,512,pauli,2,0.7833333333333333,0.8087291399229782,0.6486486486486487,0.4925634395454358,0.7916666666666666
QCNN,8,1,512,pauli,2,0.31666666666666665,0.5121951219512195,0.4810126582278481,0.0,0.5364583333333334
QAOA_VQC,8,1,512,pauli,2,0.75,0.7715019255455713,0.5945945945945946,0.41437876660171585,0.7526041666666666
VQC,8,1,1024,zz,0,0.6166666666666667,0.7368421052631579,0.46511627906976744,0.1755241554314262,0.6041666666666666
QCNN,8,1,1024,zz,0,0.7333333333333333,0.7028241335044929,0.42857142857142855,0.31607251530563135,0.4635416666666667
QAOA_VQC,8,1,1024,zz,0,0.8166666666666667,0.8177150192554556,0.717948717948718,0.5826987807287871,0.8046875
VQC,8,1,1024,zz,1,0.7166666666666667,0.7702182284980744,0.6046511627906976,0.3949293497207089,0.7630208333333334
QCNN,8,1,1024,zz,1,0.31666666666666665,0.5,0.4810126582278481,0.0,0.4661458333333333
QAOA_VQC,8,1,1024,zz,1,0.6666666666666666,0.8048780487804879,0.5652173913043478,0.3204820282583128,0.7447916666666666
VQC,8,1,1024,zz,2,0.7833333333333333,0.858793324775353,0.6829268292682927,0.5229264188022001,0.7786458333333334
QCNN,8,1,1024,zz,2,0.31666666666666665,0.5121951219512195,0.4810126582278481,0.0,0.5364583333333334
QAOA_VQC,8,1,1024,zz,2,0.7833333333333333,0.8189987163029524,0.6666666666666666,0.5066945919380758,0.8020833333333334
VQC,8,1,1024,pauli,0,0.8,0.8356867779204108,0.6842105263157895,0.5378690629010863,0.7916666666666666
QCNN,8,1,1024,pauli,0,0.7333333333333333,0.7028241335044929,0.42857142857142855,0.31607251530563135,0.4635416666666667
QAOA_VQC,8,1,1024,pauli,0,0.7333333333333333,0.8023106546854942,0.6,0.40187811143207297,0.75
VQC,8,1,1024,pauli,1,0.7833333333333333,0.883183568677792,0.7111111111111111,0.5615533925833629,0.7630208333333334
QCNN,8,1,1024,pauli,1,0.31666666666666665,0.5,0.4810126582278481,0.0,0.4661458333333333
QAOA_VQC,8,1,1024,pauli,1,0.7666666666666667,0.821566110397946,0.6818181818181818,0.5147734916074965,0.7317708333333334
VQC,8,1,1024,pauli,2,0.7833333333333333,0.8100128369704749,0.6666666666666666,0.5066945919380758,0.7838541666666666
QCNN,8,1,1024,pauli,2,0.31666666666666665,0.5121951219512195,0.4810126582278481,0.0,0.5364583333333334
QAOA_VQC,8,1,1024,pauli,2,0.75,0.7676508344030809,0.5945945945945946,0.41437876660171585,0.7578125
VQC,8,2,64,zz,0,0.6166666666666667,0.7381258023106546,0.46511627906976744,0.1755241554314262,0.6015625
QCNN,8,2,64,zz,0,0.7333333333333333,0.7028241335044929,0.42857142857142855,0.31607251530563135,0.4635416666666667
QAOA_VQC,8,2,64,zz,0,0.85,0.8305519897304235,0.7567567567567568,0.6489327854328757,0.7994791666666666
VQC,8,2,64,zz,1,0.7333333333333333,0.7817715019255456,0.6190476190476191,0.42127007609887124,0.7578125
QCNN,8,2,64,zz,1,0.31666666666666665,0.5,0.4810126582278481,0.0,0.4661458333333333
QAOA_VQC,8,2,64,zz,1,0.8,0.865211810012837,0.7272727272727273,0.5874473963050254,0.78125
VQC,8,2,64,zz,2,0.7833333333333333,0.8575096277278562,0.6829268292682927,0.5229264188022001,0.7760416666666666
QCNN,8,2,64,zz,2,0.31666666666666665,0.5121951219512195,0.4810126582278481,0.0,0.5364583333333334
QAOA_VQC,8,2,64,zz,2,0.7333333333333333,0.8125802310654685,0.5789473684210527,0.38382541720149116,0.796875
VQC,8,2,64,pauli,0,0.7833333333333333,0.8600770218228498,0.6666666666666666,0.5066945919380758,0.7942708333333334
QCNN,8,2,64,pauli,0,0.7333333333333333,0.7028241335044929,0.42857142857142855,0.31607251530563135,0.4635416666666667
QAOA_VQC,8,2,64,pauli,0,0.8166666666666667,0.8446726572528882,0.717948717948718,0.5826987807287871,0.7916666666666666
VQC,8,2,64,pauli,1,0.7833333333333333,0.8780487804878049,0.7111111111111111,0.5615533925833629,0.7604166666666666
QCNN,8,2,64,pauli,1,0.31666666666666665,0.5,0.4810126582278481,0.0,0.4661458333333333
QAOA_VQC,8,2,64,pauli,1,0.7666666666666667,0.8575096277278562,0.6818181818181818,0.5147734916074965,0.7473958333333334
VQC,8,2,64,pauli,2,0.7666666666666667,0.8125802310654686,0.631578947368421,0.4608472400512887,0.7942708333333334
QCNN,8,2,64,pauli,2,0.31666666666666665,0.5121951219512195,0.4810126582278481,0.0,0.5364583333333334
QAOA_VQC,8,2,64,pauli,2,0.75,0.79204107830552,0.6153846153846154,0.43069040314736434,0.7760416666666666
VQC,8,2,256,zz,0,0.6166666666666667,0.7368421052631579,0.46511627906976744,0.1755241554314262,0.609375
QCNN,8,2,256,zz,0,0.7333333333333333,0.7028241335044929,0.42857142857142855,0.31607251530563135,0.4635416666666667
QAOA_VQC,8,2,256,zz,0,0.8333333333333334,0.8241335044929397,0.7368421052631579,0.6148908857508838,0.8072916666666666
VQC,8,2,256,zz,1,0.7333333333333333,0.7766367137355584,0.6190476190476191,0.42127007609887124,0.7630208333333334
QCNN,8,2,256,zz,1,0.31666666666666665,0.5,0.4810126582278481,0.0,0.4661458333333333
QAOA_VQC,8,2,256,zz,1,0.7166666666666667,0.82798459563543,0.6046511627906976,0.3949293497207089,0.7526041666666666
VQC,8,2,256,zz,2,0.7833333333333333,0.8600770218228498,0.6829268292682927,0.5229264188022001,0.7760416666666666
QCNN,8,2,256,zz,2,0.31666666666666665,0.5121951219512195,0.4810126582278481,0.0,0.5364583333333334
QAOA_VQC,8,2,256,zz,2,0.7833333333333333,0.8138639281129653,0.6666666666666666,0.5066945919380758,0.8020833333333334
VQC,8,2,256,pauli,0,0.7833333333333333,0.8459563543003851,0.6666666666666666,0.5066945919380758,0.7942708333333334
QCNN,8,2,256,pauli,0,0.7333333333333333,0.7028241335044929,0.42857142857142855,0.31607251530563135,0.4635416666666667
QAOA_VQC,8,2,256,pauli,0,0.7833333333333333,0.8318356867779204,0.6829268292682927,0.5229264188022001,0.765625
VQC,8,2,256,pauli,1,0.8,0.8793324775353016,0.7272727272727273,0.5874473963050254,0.7630208333333334
QCNN,8,2,256,pauli,1,0.31666666666666665,0.5,0.4810126582278481,0.0,0.4661458333333333
QAOA_VQC,8,2,256,pauli,1,0.7666666666666667,0.8356867779204109,0.6818181818181818,0.5147734916074965,0.7421875
VQC,8,2,256,pauli,2,0.7666666666666667,0.8048780487804877,0.6111111111111112,0.4465833051169724,0.7916666666666666
QCNN,8,2,256,pauli,2,0.31666666666666665,0.5121951219512195,0.4810126582278481,0.0,0.5364583333333334
QAOA_VQC,8,2,256,pauli,2,0.7833333333333333,0.7804878048780488,0.6666666666666666,0.5066945919380758,0.7630208333333334
VQC,8,2,512,zz,0,0.6166666666666667,0.7342747111681642,0.46511627906976744,0.1755241554314262,0.609375
QCNN,8,2,512,zz,0,0.7333333333333333,0.7028241335044929,0.42857142857142855,0.31607251530563135,0.4635416666666667
QAOA_VQC,8,2,512,zz,0,0.8166666666666667,0.8202824133504492,0.717948717948718,0.5826987807287871,0.8020833333333334
VQC,8,2,512,zz,1,0.7166666666666667,0.7740693196405648,0.6046511627906976,0.3949293497207089,0.765625
QCNN,8,2,512,zz,1,0.31666666666666665,0.5,0.4810126582278481,0.0,0.4661458333333333
QAOA_VQC,8,2,512,zz,1,0.7,0.8125802310654686,0.5909090909090909,0.3694256822124387,0.7473958333333334
VQC,8,2,512,zz,2,0.7833333333333333,0.8600770218228498,0.6829268292682927,0.5229264188022001,0.7786458333333334
QCNN,8,2,512,zz,2,0.31666666666666665,0.5121951219512195,0.4810126582278481,0.0,0.5364583333333334
QAOA_VQC,8,2,512,zz,2,0.7833333333333333,0.8151476251604621,0.6666666666666666,0.5066945919380758,0.7994791666666666
VQC,8,2,512,pauli,0,0.8,0.8395378690629012,0.6842105263157895,0.5378690629010863,0.7890625
QCNN,8,2,512,pauli,0,0.7333333333333333,0.7028241335044929,0.42857142857142855,0.31607251530563135,0.4635416666666667
QAOA_VQC,8,2,512,pauli,0,0.7666666666666667,0.8125802310654685,0.631578947368421,0.4608472400512887,0.7682291666666666
VQC,8,2,512,pauli,1,0.7833333333333333,0.8844672657252888,0.7111111111111111,0.5615533925833629,0.7526041666666666
QCNN,8,2,512,pauli,1,0.31666666666666665,0.5,0.4810126582278481,0.0,0.4661458333333333
QAOA_VQC,8,2,512,pauli,1,0.7666666666666667,0.8292682926829268,0.6818181818181818,0.5147734916074965,0.7395833333333334
VQC,8,2,512,pauli,2,0.7833333333333333,0.8087291399229782,0.6486486486486487,0.4925634395454358,0.7916666666666666
QCNN,8,2,512,pauli,2,0.31666666666666665,0.5121951219512195,0.4810126582278481,0.0,0.5364583333333334
QAOA_VQC,8,2,512,pauli,2,0.75,0.7715019255455713,0.5945945945945946,0.41437876660171585,0.7526041666666666
VQC,8,2,1024,zz,0,0.6166666666666667,0.7368421052631579,0.46511627906976744,0.1755241554314262,0.6041666666666666
QCNN,8,2,1024,zz,0,0.7333333333333333,0.7028241335044929,0.42857142857142855,0.31607251530563135,0.4635416666666667
QAOA_VQC,8,2,1024,zz,0,0.8166666666666667,0.8177150192554556,0.717948717948718,0.5826987807287871,0.8046875
VQC,8,2,1024,zz,1,0.7166666666666667,0.7702182284980744,0.6046511627906976,0.3949293497207089,0.7630208333333334
QCNN,8,2,1024,zz,1,0.31666666666666665,0.5,0.4810126582278481,0.0,0.4661458333333333
QAOA_VQC,8,2,1024,zz,1,0.6666666666666666,0.8048780487804879,0.5652173913043478,0.3204820282583128,0.7447916666666666
VQC,8,2,1024,zz,2,0.7833333333333333,0.858793324775353,0.6829268292682927,0.5229264188022001,0.7786458333333334
QCNN,8,2,1024,zz,2,0.31666666666666665,0.5121951219512195,0.4810126582278481,0.0,0.5364583333333334
QAOA_VQC,8,2,1024,zz,2,0.7833333333333333,0.8189987163029524,0.6666666666666666,0.5066945919380758,0.8020833333333334
VQC,8,2,1024,pauli,0,0.8,0.8356867779204108,0.6842105263157895,0.5378690629010863,0.7916666666666666
QCNN,8,2,1024,pauli,0,0.7333333333333333,0.7028241335044929,0.42857142857142855,0.31607251530563135,0.4635416666666667
QAOA_VQC,8,2,1024,pauli,0,0.7333333333333333,0.8023106546854942,0.6,0.40187811143207297,0.75
VQC,8,2,1024,pauli,1,0.7833333333333333,0.883183568677792,0.7111111111111111,0.5615533925833629,0.7630208333333334
QCNN,8,2,1024,pauli,1,0.31666666666666665,0.5,0.4810126582278481,0.0,0.4661458333333333
QAOA_VQC,8,2,1024,pauli,1,0.7666666666666667,0.821566110397946,0.6818181818181818,0.5147734916074965,0.7317708333333334
VQC,8,2,1024,pauli,2,0.7833333333333333,0.8100128369704749,0.6666666666666666,0.5066945919380758,0.7838541666666666
QCNN,8,2,1024,pauli,2,0.31666666666666665,0.5121951219512195,0.4810126582278481,0.0,0.5364583333333334
QAOA_VQC,8,2,1024,pauli,2,0.75,0.7676508344030809,0.5945945945945946,0.41437876660171585,0.7578125
VQC,8,3,64,zz,0,0.6166666666666667,0.7381258023106546,0.46511627906976744,0.1755241554314262,0.6015625
QCNN,8,3,64,zz,0,0.7333333333333333,0.7028241335044929,0.42857142857142855,0.31607251530563135,0.4635416666666667
QAOA_VQC,8,3,64,zz,0,0.85,0.8305519897304235,0.7567567567567568,0.6489327854328757,0.7994791666666666
VQC,8,3,64,zz,1,0.7333333333333333,0.7817715019255456,0.6190476190476191,0.42127007609887124,0.7578125
QCNN,8,3,64,zz,1,0.31666666666666665,0.5,0.4810126582278481,0.0,0.4661458333333333
QAOA_VQC,8,3,64,zz,1,0.8,0.865211810012837,0.7272727272727273,0.5874473963050254,0.78125
VQC,8,3,64,zz,2,0.7833333333333333,0.8575096277278562,0.6829268292682927,0.5229264188022001,0.7760416666666666
QCNN,8,3,64,zz,2,0.31666666666666665,0.5121951219512195,0.4810126582278481,0.0,0.5364583333333334
QAOA_VQC,8,3,64,zz,2,0.7333333333333333,0.8125802310654685,0.5789473684210527,0.38382541720149116,0.796875
VQC,8,3,64,pauli,0,0.7833333333333333,0.8600770218228498,0.6666666666666666,0.5066945919380758,0.7942708333333334
QCNN,8,3,64,pauli,0,0.7333333333333333,0.7028241335044929,0.42857142857142855,0.31607251530563135,0.4635416666666667
QAOA_VQC,8,3,64,pauli,0,0.8166666666666667,0.8446726572528882,0.717948717948718,0.5826987807287871,0.7916666666666666
VQC,8,3,64,pauli,1,0.7833333333333333,0.8780487804878049,0.7111111111111111,0.5615533925833629,0.7604166666666666
QCNN,8,3,64,pauli,1,0.31666666666666665,0.5,0.4810126582278481,0.0,0.4661458333333333
QAOA_VQC,8,3,64,pauli,1,0.7666666666666667,0.8575096277278562,0.6818181818181818,0.5147734916074965,0.7473958333333334
VQC,8,3,64,pauli,2,0.7666666666666667,0.8125802310654686,0.631578947368421,0.4608472400512887,0.7942708333333334
QCNN,8,3,64,pauli,2,0.31666666666666665,0.5121951219512195,0.4810126582278481,0.0,0.5364583333333334
QAOA_VQC,8,3,64,pauli,2,0.75,0.79204107830552,0.6153846153846154,0.43069040314736434,0.7760416666666666
VQC,8,3,256,zz,0,0.6166666666666667,0.7368421052631579,0.46511627906976744,0.1755241554314262,0.609375
QCNN,8,3,256,zz,0,0.7333333333333333,0.7028241335044929,0.42857142857142855,0.31607251530563135,0.4635416666666667
QAOA_VQC,8,3,256,zz,0,0.8333333333333334,0.8241335044929397,0.7368421052631579,0.6148908857508838,0.8072916666666666
VQC,8,3,256,zz,1,0.7333333333333333,0.7766367137355584,0.6190476190476191,0.42127007609887124,0.7630208333333334
QCNN,8,3,256,zz,1,0.31666666666666665,0.5,0.4810126582278481,0.0,0.4661458333333333
QAOA_VQC,8,3,256,zz,1,0.7166666666666667,0.82798459563543,0.6046511627906976,0.3949293497207089,0.7526041666666666
VQC,8,3,256,zz,2,0.7833333333333333,0.8600770218228498,0.6829268292682927,0.5229264188022001,0.7760416666666666
QCNN,8,3,256,zz,2,0.31666666666666665,0.5121951219512195,0.4810126582278481,0.0,0.5364583333333334
QAOA_VQC,8,3,256,zz,2,0.7833333333333333,0.8138639281129653,0.6666666666666666,0.5066945919380758,0.8020833333333334
VQC,8,3,256,pauli,0,0.7833333333333333,0.8459563543003851,0.6666666666666666,0.5066945919380758,0.7942708333333334
QCNN,8,3,256,pauli,0,0.7333333333333333,0.7028241335044929,0.42857142857142855,0.31607251530563135,0.4635416666666667
QAOA_VQC,8,3,256,pauli,0,0.7833333333333333,0.8318356867779204,0.6829268292682927,0.5229264188022001,0.765625
VQC,8,3,256,pauli,1,0.8,0.8793324775353016,0.7272727272727273,0.5874473963050254,0.7630208333333334
QCNN,8,3,256,pauli,1,0.31666666666666665,0.5,0.4810126582278481,0.0,0.4661458333333333
QAOA_VQC,8,3,256,pauli,1,0.7666666666666667,0.8356867779204109,0.6818181818181818,0.5147734916074965,0.7421875
VQC,8,3,256,pauli,2,0.7666666666666667,0.8048780487804877,0.6111111111111112,0.4465833051169724,0.7916666666666666
QCNN,8,3,256,pauli,2,0.31666666666666665,0.5121951219512195,0.4810126582278481,0.0,0.5364583333333334
QAOA_VQC,8,3,256,pauli,2,0.7833333333333333,0.7804878048780488,0.6666666666666666,0.5066945919380758,0.7630208333333334
VQC,8,3,512,zz,0,0.6166666666666667,0.7342747111681642,0.46511627906976744,0.1755241554314262,0.609375
QCNN,8,3,512,zz,0,0.7333333333333333,0.7028241335044929,0.42857142857142855,0.31607251530563135,0.4635416666666667
QAOA_VQC,8,3,512,zz,0,0.8166666666666667,0.8202824133504492,0.717948717948718,0.5826987807287871,0.8020833333333334
VQC,8,3,512,zz,1,0.7166666666666667,0.7740693196405648,0.6046511627906976,0.3949293497207089,0.765625
QCNN,8,3,512,zz,1,0.31666666666666665,0.5,0.4810126582278481,0.0,0.4661458333333333
QAOA_VQC,8,3,512,zz,1,0.7,0.8125802310654686,0.5909090909090909,0.3694256822124387,0.7473958333333334
VQC,8,3,512,zz,2,0.7833333333333333,0.8600770218228498,0.6829268292682927,0.5229264188022001,0.7786458333333334
QCNN,8,3,512,zz,2,0.31666666666666665,0.5121951219512195,0.4810126582278481,0.0,0.5364583333333334
QAOA_VQC,8,3,512,zz,2,0.7833333333333333,0.8151476251604621,0.6666666666666666,0.5066945919380758,0.7994791666666666
VQC,8,3,512,pauli,0,0.8,0.8395378690629012,0.6842105263157895,0.5378690629010863,0.7890625
QCNN,8,3,512,pauli,0,0.7333333333333333,0.7028241335044929,0.42857142857142855,0.31607251530563135,0.4635416666666667
QAOA_VQC,8,3,512,pauli,0,0.7666666666666667,0.8125802310654685,0.631578947368421,0.4608472400512887,0.7682291666666666
VQC,8,3,512,pauli,1,0.7833333333333333,0.8844672657252888,0.7111111111111111,0.5615533925833629,0.7526041666666666
QCNN,8,3,512,pauli,1,0.31666666666666665,0.5,0.4810126582278481,0.0,0.4661458333333333
QAOA_VQC,8,3,512,pauli,1,0.7666666666666667,0.8292682926829268,0.6818181818181818,0.5147734916074965,0.7395833333333334
VQC,8,3,512,pauli,2,0.7833333333333333,0.8087291399229782,0.6486486486486487,0.4925634395454358,0.7916666666666666
QCNN,8,3,512,pauli,2,0.31666666666666665,0.5121951219512195,0.4810126582278481,0.0,0.5364583333333334
QAOA_VQC,8,3,512,pauli,2,0.75,0.7715019255455713,0.5945945945945946,0.41437876660171585,0.7526041666666666
VQC,8,3,1024,zz,0,0.6166666666666667,0.7368421052631579,0.46511627906976744,0.1755241554314262,0.6041666666666666
QCNN,8,3,1024,zz,0,0.7333333333333333,0.7028241335044929,0.42857142857142855,0.31607251530563135,0.4635416666666667
QAOA_VQC,8,3,1024,zz,0,0.8166666666666667,0.8177150192554556,0.717948717948718,0.5826987807287871,0.8046875
VQC,8,3,1024,zz,1,0.7166666666666667,0.7702182284980744,0.6046511627906976,0.3949293497207089,0.7630208333333334
QCNN,8,3,1024,zz,1,0.31666666666666665,0.5,0.4810126582278481,0.0,0.4661458333333333
QAOA_VQC,8,3,1024,zz,1,0.6666666666666666,0.8048780487804879,0.5652173913043478,0.3204820282583128,0.7447916666666666
VQC,8,3,1024,zz,2,0.7833333333333333,0.858793324775353,0.6829268292682927,0.5229264188022001,0.7786458333333334
QCNN,8,3,1024,zz,2,0.31666666666666665,0.5121951219512195,0.4810126582278481,0.0,0.5364583333333334
QAOA_VQC,8,3,1024,zz,2,0.7833333333333333,0.8189987163029524,0.6666666666666666,0.5066945919380758,0.8020833333333334
VQC,8,3,1024,pauli,0,0.8,0.8356867779204108,0.6842105263157895,0.5378690629010863,0.7916666666666666
QCNN,8,3,1024,pauli,0,0.7333333333333333,0.7028241335044929,0.42857142857142855,0.31607251530563135,0.4635416666666667
QAOA_VQC,8,3,1024,pauli,0,0.7333333333333333,0.8023106546854942,0.6,0.40187811143207297,0.75
VQC,8,3,1024,pauli,1,0.7833333333333333,0.883183568677792,0.7111111111111111,0.5615533925833629,0.7630208333333334
QCNN,8,3,1024,pauli,1,0.31666666666666665,0.5,0.4810126582278481,0.0,0.4661458333333333
QAOA_VQC,8,3,1024,pauli,1,0.7666666666666667,0.821566110397946,0.6818181818181818,0.5147734916074965,0.7317708333333334
VQC,8,3,1024,pauli,2,0.7833333333333333,0.8100128369704749,0.6666666666666666,0.5066945919380758,0.7838541666666666
QCNN,8,3,1024,pauli,2,0.31666666666666665,0.5121951219512195,0.4810126582278481,0.0,0.5364583333333334
QAOA_VQC,8,3,1024,pauli,2,0.75,0.7676508344030809,0.5945945945945946,0.41437876660171585,0.7578125
